{"cameraMode":{"drawMode":0,"name":"Shaded","section":"Shading Mode"},"sceneLighting":false,"audioPlay":false,"sceneViewState":{"m_AlwaysRefresh":false,"showFog":true,"showSkybox":true,"showFlares":true,"showImageEffects":true,"showParticleSystems":true,"showVisualEffectGraphs":true,"m_FxEnabled":true},"in2DMode":false,"pivot":{"x":3.4684207439422609,"y":4.390444755554199,"z":-3.5643181800842287},"rotation":{"x":0.05566837638616562,"y":-0.9221901893615723,"z":0.34633293747901919,"w":0.1624407172203064},"size":1.0007832050323487,"orthographic":false}