{"cameraMode":{"drawMode":0,"name":"Shaded","section":"Shading Mode"},"sceneLighting":false,"audioPlay":false,"sceneViewState":{"m_AlwaysRefresh":false,"showFog":true,"showSkybox":true,"showFlares":true,"showImageEffects":true,"showParticleSystems":true,"showVisualEffectGraphs":true,"m_FxEnabled":true},"in2DMode":false,"pivot":{"x":-5.098315238952637,"y":-20.26634407043457,"z":12.24363899230957},"rotation":{"x":0.4803512692451477,"y":-0.040878456085920337,"z":0.028262488543987275,"w":0.8754376173019409},"size":12.413915634155274,"orthographic":false}