{"cameraMode":{"drawMode":0,"name":"Shaded","section":"Shading Mode"},"sceneLighting":false,"audioPlay":false,"sceneViewState":{"m_AlwaysRefresh":false,"showFog":true,"showSkybox":true,"showFlares":true,"showImageEffects":true,"showParticleSystems":true,"showVisualEffectGraphs":true,"m_FxEnabled":true},"in2DMode":false,"pivot":{"x":-4.138899803161621,"y":5.908233165740967,"z":-7.054747104644775},"rotation":{"x":-0.013459994457662106,"y":-0.8710503578186035,"z":0.49043816328048708,"w":-0.013380613178014756},"size":3.3884479999542238,"orthographic":false}