{"cameraMode":{"drawMode":0,"name":"Shaded","section":"Shading Mode"},"sceneLighting":false,"audioPlay":false,"sceneViewState":{"m_AlwaysRefresh":false,"showFog":true,"showSkybox":true,"showFlares":true,"showImageEffects":true,"showParticleSystems":true,"showVisualEffectGraphs":true,"m_FxEnabled":true},"in2DMode":false,"pivot":{"x":1.2256333827972413,"y":0.603958249092102,"z":-4.2659220695495609},"rotation":{"x":0.026454197242856027,"y":0.9298519492149353,"z":-0.36143940687179568,"w":0.0652020275592804},"size":3.4974358081817629,"orthographic":false}