{"cameraMode":{"drawMode":0,"name":"Shaded","section":"Shading Mode"},"sceneLighting":false,"audioPlay":false,"sceneViewState":{"m_AlwaysRefresh":false,"showFog":true,"showSkybox":false,"showFlares":true,"showImageEffects":true,"showParticleSystems":true,"showVisualEffectGraphs":true,"m_FxEnabled":true},"in2DMode":false,"pivot":{"x":-1.5727883577346802,"y":1.630591869354248,"z":-0.055434226989746097},"rotation":{"x":0.295329213142395,"y":-0.18852944672107697,"z":0.060974959284067157,"w":0.9346886277198792},"size":1.7644939422607422,"orthographic":false}