Unity Editor version:    2022.3.58f1 (ed7f6eacb62e)
Branch:                  2022.3/staging
Build type:              Release
Batch mode:              YES
macOS version:           Version 15.3.2 (Build 24D81)
Darwin version:          24.3.0
Architecture:            arm64
Running under Rosetta:   NO
Available memory:        8192 MB
Using pre-set license
Pro License: YES

COMMAND LINE ARGUMENTS:
/Applications/Unity/Hub/Editor/2022.3.58f1/Unity.app/Contents/MacOS/Unity
-adb2
-batchMode
-noUpm
-name
AssetImportWorker9
-projectPath
/Users/sofiapodkaura/Documents/horror/Horror_game/Horror_game
-logFile
Logs/AssetImportWorker9.log
-srvPort
62148
Successfully changed project path to: /Users/sofiapodkaura/Documents/horror/Horror_game/Horror_game
/Users/sofiapodkaura/Documents/horror/Horror_game/Horror_game
[UnityMemory] Configuration Parameters - Can be set up in boot.config
    "memorysetup-bucket-allocator-granularity=16"
    "memorysetup-bucket-allocator-bucket-count=8"
    "memorysetup-bucket-allocator-block-size=33554432"
    "memorysetup-bucket-allocator-block-count=8"
    "memorysetup-main-allocator-block-size=16777216"
    "memorysetup-thread-allocator-block-size=16777216"
    "memorysetup-gfx-main-allocator-block-size=16777216"
    "memorysetup-gfx-thread-allocator-block-size=16777216"
    "memorysetup-cache-allocator-block-size=4194304"
    "memorysetup-typetree-allocator-block-size=2097152"
    "memorysetup-profiler-bucket-allocator-granularity=16"
    "memorysetup-profiler-bucket-allocator-bucket-count=8"
    "memorysetup-profiler-bucket-allocator-block-size=33554432"
    "memorysetup-profiler-bucket-allocator-block-count=8"
    "memorysetup-profiler-allocator-block-size=16777216"
    "memorysetup-profiler-editor-allocator-block-size=1048576"
    "memorysetup-temp-allocator-size-main=16777216"
    "memorysetup-job-temp-allocator-block-size=2097152"
    "memorysetup-job-temp-allocator-block-size-background=1048576"
    "memorysetup-job-temp-allocator-reduction-small-platforms=262144"
    "memorysetup-allocator-temp-initial-block-size-main=262144"
    "memorysetup-allocator-temp-initial-block-size-worker=262144"
    "memorysetup-temp-allocator-size-background-worker=32768"
    "memorysetup-temp-allocator-size-job-worker=262144"
    "memorysetup-temp-allocator-size-preload-manager=33554432"
    "memorysetup-temp-allocator-size-nav-mesh-worker=65536"
    "memorysetup-temp-allocator-size-audio-worker=65536"
    "memorysetup-temp-allocator-size-cloud-worker=32768"
    "memorysetup-temp-allocator-size-gi-baking-worker=262144"
    "memorysetup-temp-allocator-size-gfx=262144"
Player connection [8456030272]  Target information:

Player connection [8456030272]  * "[IP] 192.168.0.127 [Port] 0 [Flags] 2 [Guid] 3785094298 [EditorId] 3785094298 [Version] 1048832 [Id] OSXEditor(0,Noutbuk-Sofia.local) [Debug] 1 [PackageName] OSXEditor [ProjectName] Editor" 

Player connection [8456030272] Host joined multi-casting on [225.0.0.222:54997]...
Player connection [8456030272] Host joined alternative multi-casting on [225.0.0.222:34997]...
Input System module state changed to: Initialized.
[PhysX] Initialized MultithreadedTaskDispatcher with 8 workers.
Refreshing native plugins compatible for Editor in 14.27 ms, found 2 plugins.
Preloading 0 native plugins for Editor in 0.00 ms.
Initialize engine version: 2022.3.58f1 (ed7f6eacb62e)
[Subsystems] Discovering subsystems at path /Applications/Unity/Hub/Editor/2022.3.58f1/Unity.app/Contents/Resources/UnitySubsystems
[Subsystems] Discovering subsystems at path /Users/sofiapodkaura/Documents/horror/Horror_game/Horror_game/Assets
GfxDevice: creating device client; threaded=0; jobified=0
 preferred device: Apple M2 (high power)
Metal devices available: 1
0: Apple M2 (high power)
Using device Apple M2 (high power)
Initializing Metal device caps: Apple M2
Initialize mono
Mono path[0] = '/Applications/Unity/Hub/Editor/2022.3.58f1/Unity.app/Contents/Managed'
Mono path[1] = '/Applications/Unity/Hub/Editor/2022.3.58f1/Unity.app/Contents/MonoBleedingEdge/lib/mono/unityjit-macos'
Mono config path = '/Applications/Unity/Hub/Editor/2022.3.58f1/Unity.app/Contents/MonoBleedingEdge/etc'
Using monoOptions --debugger-agent=transport=dt_socket,embedding=1,server=y,suspend=n,address=127.0.0.1:56136
Begin MonoManager ReloadAssembly
Registering precompiled unity dll's ...
Register platform support module: /Applications/Unity/Hub/Editor/2022.3.58f1/Unity.app/Contents/PlaybackEngines/MacStandaloneSupport/UnityEditor.OSXStandalone.Extensions.dll
Registered in 0.002126 seconds.
- Loaded All Assemblies, in  0.269 seconds
Native extension for OSXStandalone target not found
Mono: successfully reloaded assembly
- Finished resetting the current domain, in  0.146 seconds
Domain Reload Profiling: 416ms
	BeginReloadAssembly (97ms)
		ExecutionOrderSort (0ms)
		DisableScriptedObjects (0ms)
		BackupInstance (0ms)
		ReleaseScriptingObjects (0ms)
		CreateAndSetChildDomain (0ms)
	RebuildCommonClasses (29ms)
	RebuildNativeTypeToScriptingClass (7ms)
	initialDomainReloadingComplete (33ms)
	LoadAllAssembliesAndSetupDomain (103ms)
		LoadAssemblies (99ms)
		RebuildTransferFunctionScriptingTraits (0ms)
		AnalyzeDomain (98ms)
			TypeCache.Refresh (97ms)
				TypeCache.ScanAssembly (85ms)
			ScanForSourceGeneratedMonoScriptInfo (0ms)
			ResolveRequiredComponents (0ms)
	FinalizeReload (146ms)
		ReleaseScriptCaches (0ms)
		RebuildScriptCaches (0ms)
		SetupLoadedEditorAssemblies (119ms)
			LogAssemblyErrors (0ms)
			InitializePlatformSupportModulesInManaged (6ms)
			SetLoadedEditorAssemblies (4ms)
			RefreshPlugins (0ms)
			BeforeProcessingInitializeOnLoad (1ms)
			ProcessInitializeOnLoadAttributes (82ms)
			ProcessInitializeOnLoadMethodAttributes (25ms)
			AfterProcessingInitializeOnLoad (0ms)
			EditorAssembliesLoaded (0ms)
		ExecutionOrderSort2 (0ms)
		AwakeInstancesAfterBackupRestoration (0ms)
========================================================================
Worker process is ready to serve import requests
Caller must complete domain reload
Begin MonoManager ReloadAssembly
- Loaded All Assemblies, in  0.404 seconds
Native extension for OSXStandalone target not found
Mono: successfully reloaded assembly
- Finished resetting the current domain, in  0.459 seconds
Domain Reload Profiling: 864ms
	BeginReloadAssembly (75ms)
		ExecutionOrderSort (0ms)
		DisableScriptedObjects (3ms)
		BackupInstance (0ms)
		ReleaseScriptingObjects (0ms)
		CreateAndSetChildDomain (17ms)
	RebuildCommonClasses (21ms)
	RebuildNativeTypeToScriptingClass (7ms)
	initialDomainReloadingComplete (20ms)
	LoadAllAssembliesAndSetupDomain (281ms)
		LoadAssemblies (191ms)
		RebuildTransferFunctionScriptingTraits (0ms)
		AnalyzeDomain (125ms)
			TypeCache.Refresh (113ms)
				TypeCache.ScanAssembly (95ms)
			ScanForSourceGeneratedMonoScriptInfo (8ms)
			ResolveRequiredComponents (3ms)
	FinalizeReload (459ms)
		ReleaseScriptCaches (0ms)
		RebuildScriptCaches (0ms)
		SetupLoadedEditorAssemblies (375ms)
			LogAssemblyErrors (0ms)
			InitializePlatformSupportModulesInManaged (3ms)
			SetLoadedEditorAssemblies (2ms)
			RefreshPlugins (0ms)
			BeforeProcessingInitializeOnLoad (30ms)
			ProcessInitializeOnLoadAttributes (328ms)
			ProcessInitializeOnLoadMethodAttributes (11ms)
			AfterProcessingInitializeOnLoad (0ms)
			EditorAssembliesLoaded (0ms)
		ExecutionOrderSort2 (0ms)
		AwakeInstancesAfterBackupRestoration (2ms)
Launching external process: /Applications/Unity/Hub/Editor/2022.3.58f1/Unity.app/Contents/Tools/UnityShaderCompiler
Launched and connected shader compiler UnityShaderCompiler after 0.22 seconds
Refreshing native plugins compatible for Editor in 0.73 ms, found 2 plugins.
Preloading 0 native plugins for Editor in 0.00 ms.
Unloading 3574 Unused Serialized files (Serialized files now loaded: 0)
Unloading 20 unused Assets / (101.6 KB). Loaded Objects now: 4054.
Memory consumption went from 154.1 MB to 154.0 MB.
Total: 2.682250 ms (FindLiveObjects: 0.158667 ms CreateObjectMapping: 0.084750 ms MarkObjects: 2.355292 ms  DeleteObjects: 0.083125 ms)

AssetImportParameters requested are different than current active one (requested -> active):
  custom:container-demuxer-ogg: 62fdf1f143b41e24485cea50d1cbac27 -> 
  custom:video-decoder-ogg-theora: a1e56fd34408186e4bbccfd4996cb3dc -> 
  custom:CustomObjectIndexerAttribute: 9a22284fe3817be447336de3de66b15e -> 
  custom:container-demuxer-webm: 4f35f7cbe854078d1ac9338744f61a02 -> 
  custom:container-muxer-webm: aa71ff27fc2769a1b78a27578f13a17b -> 
  custom:video-decoder-webm-vp8: 9c59270c3fd7afecdb556c50c9e8de78 -> 
  custom:SearchIndexIgnoredProperties: e643bd26f0fe6173181afceb89e7c659 -> 
  custom:AudioImporter_EditorPlatform: 3918e3fc78b5a79bad01e8451be0beb8 -> 
  custom:framework-osx-AVFoundation: e770b220cccbd017edd2c1fefb359320 -> 
  custom:video-encoder-webm-vp8: eb34c28f22e8b96e1ab97ce403110664 -> 
  custom:audio-decoder-ogg-vorbis: bf7c407c2cedff20999df2af8eb42d56 -> 
  custom:audio-encoder-webm-vorbis: bf7c407c2cedff20999df2af8eb42d56 -> 
========================================================================
Received Import Request.
  Time since last request: 56267.100603 seconds.
  path: Assets/nappin/House Props Softpack/Prefabs/(Prb)LaunchTable_vase2.prefab
  artifactKey: Guid(6c8c5607b1d615e4992b66dcbcf18c43) Importer(815301076,1909f56bfc062723c751e8b465ee728b)
Start importing Assets/nappin/House Props Softpack/Prefabs/(Prb)LaunchTable_vase2.prefab using Guid(6c8c5607b1d615e4992b66dcbcf18c43) Importer(815301076,1909f56bfc062723c751e8b465ee728b) [PhysX] Initialized MultithreadedTaskDispatcher with 8 workers.
[PhysX] Initialized MultithreadedTaskDispatcher with 8 workers.
 -> (artifact id: '173765c92da86e01b27314092b9dab31') in 0.172303 seconds
Number of updated asset objects reloaded before import = 0
Number of asset objects unloaded after import = 12
========================================================================
Received Import Request.
  Time since last request: 3.458981 seconds.
  path: Assets/nappin/House Props Softpack/Prefabs/(Prb)DeskLight.prefab
  artifactKey: Guid(e0a309163f5d1ef4e81367371dba0804) Importer(815301076,1909f56bfc062723c751e8b465ee728b)
Start importing Assets/nappin/House Props Softpack/Prefabs/(Prb)DeskLight.prefab using Guid(e0a309163f5d1ef4e81367371dba0804) Importer(815301076,1909f56bfc062723c751e8b465ee728b) [PhysX] Initialized MultithreadedTaskDispatcher with 8 workers.
[PhysX] Initialized MultithreadedTaskDispatcher with 8 workers.
 -> (artifact id: '18c253da5ce51bc04a8106f6f97b7ea2') in 0.014232 seconds
Number of updated asset objects reloaded before import = 0
Number of asset objects unloaded after import = 18
========================================================================
Received Import Request.
  Time since last request: 0.000078 seconds.
  path: Assets/nappin/House Props Softpack/Prefabs/(Prb)Dresser.prefab
  artifactKey: Guid(d2abb3f7c9ac59048a122c38a8480e71) Importer(815301076,1909f56bfc062723c751e8b465ee728b)
Start importing Assets/nappin/House Props Softpack/Prefabs/(Prb)Dresser.prefab using Guid(d2abb3f7c9ac59048a122c38a8480e71) Importer(815301076,1909f56bfc062723c751e8b465ee728b) [PhysX] Initialized MultithreadedTaskDispatcher with 8 workers.
[PhysX] Initialized MultithreadedTaskDispatcher with 8 workers.
 -> (artifact id: '052df25396b935b769ab33364e596769') in 0.008299 seconds
Number of updated asset objects reloaded before import = 0
Number of asset objects unloaded after import = 35
========================================================================
Received Import Request.
  Time since last request: 0.000090 seconds.
  path: Assets/nappin/House Props Softpack/Prefabs/(Prb)Drawer1.prefab
  artifactKey: Guid(676edecf7cf6d7645a15b3550dce3e70) Importer(815301076,1909f56bfc062723c751e8b465ee728b)
Start importing Assets/nappin/House Props Softpack/Prefabs/(Prb)Drawer1.prefab using Guid(676edecf7cf6d7645a15b3550dce3e70) Importer(815301076,1909f56bfc062723c751e8b465ee728b) [PhysX] Initialized MultithreadedTaskDispatcher with 8 workers.
[PhysX] Initialized MultithreadedTaskDispatcher with 8 workers.
 -> (artifact id: 'eb91ff14efe263c553047bb530b9d3dd') in 0.009817 seconds
Number of updated asset objects reloaded before import = 0
Number of asset objects unloaded after import = 29
========================================================================
Received Import Request.
  Time since last request: 0.002659 seconds.
  path: Assets/nappin/House Props Softpack/Prefabs/(Prb)DoubleBed.prefab
  artifactKey: Guid(2223fa9f01f9e4745bcd93ad2fd7f5cd) Importer(815301076,1909f56bfc062723c751e8b465ee728b)
Start importing Assets/nappin/House Props Softpack/Prefabs/(Prb)DoubleBed.prefab using Guid(2223fa9f01f9e4745bcd93ad2fd7f5cd) Importer(815301076,1909f56bfc062723c751e8b465ee728b) [PhysX] Initialized MultithreadedTaskDispatcher with 8 workers.
[PhysX] Initialized MultithreadedTaskDispatcher with 8 workers.
 -> (artifact id: 'e3b192f752659fdee1be567d3a0e9a36') in 0.047381 seconds
Number of updated asset objects reloaded before import = 0
Number of asset objects unloaded after import = 62
========================================================================
Received Import Request.
  Time since last request: 0.903076 seconds.
  path: Assets/nappin/House Props Softpack/Prefabs/(Prb)CeilingLight.prefab
  artifactKey: Guid(f174423ab43ee4b49871930f6144ec2d) Importer(815301076,1909f56bfc062723c751e8b465ee728b)
Start importing Assets/nappin/House Props Softpack/Prefabs/(Prb)CeilingLight.prefab using Guid(f174423ab43ee4b49871930f6144ec2d) Importer(815301076,1909f56bfc062723c751e8b465ee728b) [PhysX] Initialized MultithreadedTaskDispatcher with 8 workers.
[PhysX] Initialized MultithreadedTaskDispatcher with 8 workers.
 -> (artifact id: '03e6af111b651dfdee82c0a49cf07dae') in 0.018993 seconds
Number of updated asset objects reloaded before import = 0
Number of asset objects unloaded after import = 16
========================================================================
Received Import Request.
  Time since last request: 0.000058 seconds.
  path: Assets/nappin/House Props Softpack/Prefabs/(Prb)CoffeTable_smallPlant.prefab
  artifactKey: Guid(579fa6f3f1bc72e49b3ff3c0b83f513d) Importer(815301076,1909f56bfc062723c751e8b465ee728b)
Start importing Assets/nappin/House Props Softpack/Prefabs/(Prb)CoffeTable_smallPlant.prefab using Guid(579fa6f3f1bc72e49b3ff3c0b83f513d) Importer(815301076,1909f56bfc062723c751e8b465ee728b) [PhysX] Initialized MultithreadedTaskDispatcher with 8 workers.
[PhysX] Initialized MultithreadedTaskDispatcher with 8 workers.
 -> (artifact id: '8b3766b9f41cf403c15ad40ca3237031') in 0.013623 seconds
Number of updated asset objects reloaded before import = 0
Number of asset objects unloaded after import = 26
========================================================================
Received Import Request.
  Time since last request: 0.000804 seconds.
  path: Assets/nappin/House Props Softpack/Prefabs/(Prb)Container2.prefab
  artifactKey: Guid(dffdf6411c04f9146a126f1cd6000fda) Importer(815301076,1909f56bfc062723c751e8b465ee728b)
Start importing Assets/nappin/House Props Softpack/Prefabs/(Prb)Container2.prefab using Guid(dffdf6411c04f9146a126f1cd6000fda) Importer(815301076,1909f56bfc062723c751e8b465ee728b) [PhysX] Initialized MultithreadedTaskDispatcher with 8 workers.
[PhysX] Initialized MultithreadedTaskDispatcher with 8 workers.
 -> (artifact id: '325ddf9c780d69f58e9f9b25424f58d3') in 0.005658 seconds
Number of updated asset objects reloaded before import = 0
Number of asset objects unloaded after import = 12
========================================================================
Received Import Request.
  Time since last request: 220.780184 seconds.
  path: Packages/com.unity.probuilder/Content/Resources/Materials/FacePicker.mat
  artifactKey: Guid(5695904020f064fdab5ad265b274a616) Importer(815301076,1909f56bfc062723c751e8b465ee728b)
Start importing Packages/com.unity.probuilder/Content/Resources/Materials/FacePicker.mat using Guid(5695904020f064fdab5ad265b274a616) Importer(815301076,1909f56bfc062723c751e8b465ee728b) [PhysX] Initialized MultithreadedTaskDispatcher with 8 workers.
[PhysX] Initialized MultithreadedTaskDispatcher with 8 workers.
 -> (artifact id: '366dd9bf578192981d68a78a9fb50b86') in 0.055124 seconds
Number of updated asset objects reloaded before import = 0
Number of asset objects unloaded after import = 1
========================================================================
Received Import Request.
  Time since last request: 0.000068 seconds.
  path: Assets/Brick Project Studio/_BPS Basic Assets/Common/Materials/Fire/Fire_Alpha_01.mat
  artifactKey: Guid(cdb5cf50c86c5e1479a217fd032beff8) Importer(815301076,1909f56bfc062723c751e8b465ee728b)
Start importing Assets/Brick Project Studio/_BPS Basic Assets/Common/Materials/Fire/Fire_Alpha_01.mat using Guid(cdb5cf50c86c5e1479a217fd032beff8) Importer(815301076,1909f56bfc062723c751e8b465ee728b) [PhysX] Initialized MultithreadedTaskDispatcher with 8 workers.
[PhysX] Initialized MultithreadedTaskDispatcher with 8 workers.
 -> (artifact id: 'f34ab02035ef17d21865bc9d4744d4fc') in 0.011142 seconds
Number of updated asset objects reloaded before import = 0
Number of asset objects unloaded after import = 2
========================================================================
Received Import Request.
  Time since last request: 0.000121 seconds.
  path: Assets/Package04_Free_Kitchen/FreeKitchen/Materials/Version01/FreeEquipment02Material.mat
  artifactKey: Guid(365e86814e97b4642964767e444d5535) Importer(815301076,1909f56bfc062723c751e8b465ee728b)
Start importing Assets/Package04_Free_Kitchen/FreeKitchen/Materials/Version01/FreeEquipment02Material.mat using Guid(365e86814e97b4642964767e444d5535) Importer(815301076,1909f56bfc062723c751e8b465ee728b) [PhysX] Initialized MultithreadedTaskDispatcher with 8 workers.
[PhysX] Initialized MultithreadedTaskDispatcher with 8 workers.
 -> (artifact id: 'dc0d33f5ed120e168c984190c57f8def') in 0.034634 seconds
Number of updated asset objects reloaded before import = 0
Number of asset objects unloaded after import = 5
========================================================================
Received Import Request.
  Time since last request: 0.000043 seconds.
  path: Assets/TextMesh Pro/Examples & Extras/Fonts/Roboto-Bold.ttf
  artifactKey: Guid(4beb055f07aaff244873dec698d0363e) Importer(815301076,1909f56bfc062723c751e8b465ee728b)
Start importing Assets/TextMesh Pro/Examples & Extras/Fonts/Roboto-Bold.ttf using Guid(4beb055f07aaff244873dec698d0363e) Importer(815301076,1909f56bfc062723c751e8b465ee728b) [PhysX] Initialized MultithreadedTaskDispatcher with 8 workers.
[PhysX] Initialized MultithreadedTaskDispatcher with 8 workers.
[PhysX] Initialized MultithreadedTaskDispatcher with 8 workers.
 -> (artifact id: '871f5679877c4b9f49f6576da2725af2') in 0.018901 seconds
Number of updated asset objects reloaded before import = 0
Number of asset objects unloaded after import = 4
========================================================================
Received Import Request.
  Time since last request: 0.000032 seconds.
  path: Assets/Brick Project Studio/_BPS Basic Assets/Common/Materials/Fire/Fire_Add_01.mat
  artifactKey: Guid(4791bf36c2e577a4a9e789b580579636) Importer(815301076,1909f56bfc062723c751e8b465ee728b)
Start importing Assets/Brick Project Studio/_BPS Basic Assets/Common/Materials/Fire/Fire_Add_01.mat using Guid(4791bf36c2e577a4a9e789b580579636) Importer(815301076,1909f56bfc062723c751e8b465ee728b) [PhysX] Initialized MultithreadedTaskDispatcher with 8 workers.
[PhysX] Initialized MultithreadedTaskDispatcher with 8 workers.
 -> (artifact id: '519324c16d4efa45a661fc1341dfe619') in 0.003484 seconds
Number of updated asset objects reloaded before import = 0
Number of asset objects unloaded after import = 2
========================================================================
Received Import Request.
  Time since last request: 0.000077 seconds.
  path: Assets/Medieval props/Materials/FirePlace.mat
  artifactKey: Guid(6d832a8171259434cb412b5915770476) Importer(815301076,1909f56bfc062723c751e8b465ee728b)
Start importing Assets/Medieval props/Materials/FirePlace.mat using Guid(6d832a8171259434cb412b5915770476) Importer(815301076,1909f56bfc062723c751e8b465ee728b) [PhysX] Initialized MultithreadedTaskDispatcher with 8 workers.
[PhysX] Initialized MultithreadedTaskDispatcher with 8 workers.
 -> (artifact id: 'da2cafe356e41613b4a18ee73ca02088') in 0.022565 seconds
Number of updated asset objects reloaded before import = 0
Number of asset objects unloaded after import = 5
========================================================================
Received Import Request.
  Time since last request: 0.000143 seconds.
  path: Assets/Package04_Free_Kitchen/FreeKitchen/Materials/Version03/FreeEquipment02Material.mat
  artifactKey: Guid(42df36dd2cf5443a3aaa1df4cbc438d4) Importer(815301076,1909f56bfc062723c751e8b465ee728b)
Start importing Assets/Package04_Free_Kitchen/FreeKitchen/Materials/Version03/FreeEquipment02Material.mat using Guid(42df36dd2cf5443a3aaa1df4cbc438d4) Importer(815301076,1909f56bfc062723c751e8b465ee728b) [PhysX] Initialized MultithreadedTaskDispatcher with 8 workers.
[PhysX] Initialized MultithreadedTaskDispatcher with 8 workers.
 -> (artifact id: '9239c1003b33c4afcc0236a607207106') in 0.012620 seconds
Number of updated asset objects reloaded before import = 0
Number of asset objects unloaded after import = 5
========================================================================
Received Import Request.
  Time since last request: 0.000140 seconds.
  path: Assets/Package04_Free_Kitchen/FreeKitchen/Materials/Version02/FreeCabinet01_Material.mat
  artifactKey: Guid(8f856c981aa87426c913349c4a466bd8) Importer(815301076,1909f56bfc062723c751e8b465ee728b)
Start importing Assets/Package04_Free_Kitchen/FreeKitchen/Materials/Version02/FreeCabinet01_Material.mat using Guid(8f856c981aa87426c913349c4a466bd8) Importer(815301076,1909f56bfc062723c751e8b465ee728b) [PhysX] Initialized MultithreadedTaskDispatcher with 8 workers.
[PhysX] Initialized MultithreadedTaskDispatcher with 8 workers.
 -> (artifact id: '5409e6b018682ab275f600bf41703349') in 0.026178 seconds
Number of updated asset objects reloaded before import = 0
Number of asset objects unloaded after import = 5
========================================================================
Received Import Request.
  Time since last request: 0.000282 seconds.
  path: Assets/Package04_Free_Kitchen/FreeKitchen/Materials/Version03/FreeCabinet02_Material.mat
  artifactKey: Guid(0f4034a4e528b4ec2995a3d9aab66290) Importer(815301076,1909f56bfc062723c751e8b465ee728b)
Start importing Assets/Package04_Free_Kitchen/FreeKitchen/Materials/Version03/FreeCabinet02_Material.mat using Guid(0f4034a4e528b4ec2995a3d9aab66290) Importer(815301076,1909f56bfc062723c751e8b465ee728b) [PhysX] Initialized MultithreadedTaskDispatcher with 8 workers.
[PhysX] Initialized MultithreadedTaskDispatcher with 8 workers.
 -> (artifact id: '798311a3fbd5d63dd947e6c49684089e') in 0.022008 seconds
Number of updated asset objects reloaded before import = 0
Number of asset objects unloaded after import = 5
========================================================================
Received Import Request.
  Time since last request: 0.000049 seconds.
  path: Assets/Package04_Free_Kitchen/FreeKitchen/Materials/Version02/FreeCabinet03_Material.mat
  artifactKey: Guid(b2e39e52f0d41476e970b9fad56e03a8) Importer(815301076,1909f56bfc062723c751e8b465ee728b)
Start importing Assets/Package04_Free_Kitchen/FreeKitchen/Materials/Version02/FreeCabinet03_Material.mat using Guid(b2e39e52f0d41476e970b9fad56e03a8) Importer(815301076,1909f56bfc062723c751e8b465ee728b) [PhysX] Initialized MultithreadedTaskDispatcher with 8 workers.
[PhysX] Initialized MultithreadedTaskDispatcher with 8 workers.
 -> (artifact id: 'a1a2942cfcbf01e4d1e56483c1dfcf78') in 0.020954 seconds
Number of updated asset objects reloaded before import = 0
Number of asset objects unloaded after import = 5
========================================================================
Received Import Request.
  Time since last request: 0.000068 seconds.
  path: Assets/Package04_Free_Kitchen/FreeKitchen/Materials/Version01/FreeEquipment01Material.mat
  artifactKey: Guid(1ca37e518845d4048973baf39f8666c7) Importer(815301076,1909f56bfc062723c751e8b465ee728b)
Start importing Assets/Package04_Free_Kitchen/FreeKitchen/Materials/Version01/FreeEquipment01Material.mat using Guid(1ca37e518845d4048973baf39f8666c7) Importer(815301076,1909f56bfc062723c751e8b465ee728b) [PhysX] Initialized MultithreadedTaskDispatcher with 8 workers.
[PhysX] Initialized MultithreadedTaskDispatcher with 8 workers.
 -> (artifact id: '8b92dc49659d5fda7b98da1a811ef1c9') in 0.013773 seconds
Number of updated asset objects reloaded before import = 0
Number of asset objects unloaded after import = 5
========================================================================
Received Import Request.
  Time since last request: 0.000110 seconds.
  path: Assets/TextMesh Pro/Examples & Extras/Fonts/Electronic Highway Sign.TTF
  artifactKey: Guid(8a2b9e2a607dd2143b58c44bc32410b4) Importer(815301076,1909f56bfc062723c751e8b465ee728b)
Start importing Assets/TextMesh Pro/Examples & Extras/Fonts/Electronic Highway Sign.TTF using Guid(8a2b9e2a607dd2143b58c44bc32410b4) Importer(815301076,1909f56bfc062723c751e8b465ee728b) [PhysX] Initialized MultithreadedTaskDispatcher with 8 workers.
[PhysX] Initialized MultithreadedTaskDispatcher with 8 workers.
[PhysX] Initialized MultithreadedTaskDispatcher with 8 workers.
 -> (artifact id: '2779f3748dc88538357c56f9082fff2b') in 0.005910 seconds
Number of updated asset objects reloaded before import = 0
Number of asset objects unloaded after import = 4
========================================================================
Received Import Request.
  Time since last request: 0.000098 seconds.
  path: Assets/Package04_Free_Kitchen/FreeKitchen/Materials/Version03/FreeCoffeeMaker_ToasterMaterial.mat
  artifactKey: Guid(d80da336b7bb64ad98e8821f23321115) Importer(815301076,1909f56bfc062723c751e8b465ee728b)
Start importing Assets/Package04_Free_Kitchen/FreeKitchen/Materials/Version03/FreeCoffeeMaker_ToasterMaterial.mat using Guid(d80da336b7bb64ad98e8821f23321115) Importer(815301076,1909f56bfc062723c751e8b465ee728b) [PhysX] Initialized MultithreadedTaskDispatcher with 8 workers.
[PhysX] Initialized MultithreadedTaskDispatcher with 8 workers.
 -> (artifact id: '6c613949dbf8a11af626112ca1dac525') in 0.012523 seconds
Number of updated asset objects reloaded before import = 0
Number of asset objects unloaded after import = 5
========================================================================
Received Import Request.
  Time since last request: 0.000294 seconds.
  path: Assets/Package04_Free_Kitchen/FreeKitchen/Materials/Version01/FreeCabinet01_Material.mat
  artifactKey: Guid(92a7699b563e4465eb3c8a886a327bda) Importer(815301076,1909f56bfc062723c751e8b465ee728b)
Start importing Assets/Package04_Free_Kitchen/FreeKitchen/Materials/Version01/FreeCabinet01_Material.mat using Guid(92a7699b563e4465eb3c8a886a327bda) Importer(815301076,1909f56bfc062723c751e8b465ee728b) [PhysX] Initialized MultithreadedTaskDispatcher with 8 workers.
[PhysX] Initialized MultithreadedTaskDispatcher with 8 workers.
 -> (artifact id: '2b967b40dc8d1a4351aa95545b4c5304') in 0.025225 seconds
Number of updated asset objects reloaded before import = 0
Number of asset objects unloaded after import = 5
========================================================================
Received Import Request.
  Time since last request: 0.000158 seconds.
  path: Assets/Package04_Free_Kitchen/FreeKitchen/Materials/Version01/FreeCabinet02_Material.mat
  artifactKey: Guid(5176618ababa0495dad659243f1cbbe1) Importer(815301076,1909f56bfc062723c751e8b465ee728b)
Start importing Assets/Package04_Free_Kitchen/FreeKitchen/Materials/Version01/FreeCabinet02_Material.mat using Guid(5176618ababa0495dad659243f1cbbe1) Importer(815301076,1909f56bfc062723c751e8b465ee728b) [PhysX] Initialized MultithreadedTaskDispatcher with 8 workers.
[PhysX] Initialized MultithreadedTaskDispatcher with 8 workers.
 -> (artifact id: '7bdb2dec296a91e4e9866ea2990370c0') in 0.015072 seconds
Number of updated asset objects reloaded before import = 0
Number of asset objects unloaded after import = 5
========================================================================
Received Import Request.
  Time since last request: 0.000110 seconds.
  path: Assets/JP Environmental Asset Pack/Materials/Foliage 3/Foliage 3.mat
  artifactKey: Guid(079c9919c8874554ea495e3896ccb229) Importer(815301076,1909f56bfc062723c751e8b465ee728b)
Start importing Assets/JP Environmental Asset Pack/Materials/Foliage 3/Foliage 3.mat using Guid(079c9919c8874554ea495e3896ccb229) Importer(815301076,1909f56bfc062723c751e8b465ee728b) [PhysX] Initialized MultithreadedTaskDispatcher with 8 workers.
[PhysX] Initialized MultithreadedTaskDispatcher with 8 workers.
 -> (artifact id: 'a57d759080152e6295d6f50ad13d6ac6') in 0.023281 seconds
Number of updated asset objects reloaded before import = 0
Number of asset objects unloaded after import = 3
========================================================================
Received Import Request.
  Time since last request: 0.000063 seconds.
  path: Assets/TextMesh Pro/Examples & Extras/Fonts/Bangers.ttf
  artifactKey: Guid(5dd49b3eacc540408c98eee0de38e0f1) Importer(815301076,1909f56bfc062723c751e8b465ee728b)
Start importing Assets/TextMesh Pro/Examples & Extras/Fonts/Bangers.ttf using Guid(5dd49b3eacc540408c98eee0de38e0f1) Importer(815301076,1909f56bfc062723c751e8b465ee728b) [PhysX] Initialized MultithreadedTaskDispatcher with 8 workers.
[PhysX] Initialized MultithreadedTaskDispatcher with 8 workers.
[PhysX] Initialized MultithreadedTaskDispatcher with 8 workers.
 -> (artifact id: '79bd78b8277b4430e4c58903622b6186') in 0.005358 seconds
Number of updated asset objects reloaded before import = 0
Number of asset objects unloaded after import = 4
========================================================================
Received Import Request.
  Time since last request: 0.000128 seconds.
  path: Assets/Brick Project Studio/_BPS Basic Assets/Common/Materials/Fire/Fire_Glow_01.mat
  artifactKey: Guid(9a0e2afa4dfa26744be17b68a3e1b98d) Importer(815301076,1909f56bfc062723c751e8b465ee728b)
Start importing Assets/Brick Project Studio/_BPS Basic Assets/Common/Materials/Fire/Fire_Glow_01.mat using Guid(9a0e2afa4dfa26744be17b68a3e1b98d) Importer(815301076,1909f56bfc062723c751e8b465ee728b) [PhysX] Initialized MultithreadedTaskDispatcher with 8 workers.
[PhysX] Initialized MultithreadedTaskDispatcher with 8 workers.
 -> (artifact id: 'ebe9b3901c038793e4de03f06210af14') in 0.004203 seconds
Number of updated asset objects reloaded before import = 0
Number of asset objects unloaded after import = 1
========================================================================
Received Import Request.
  Time since last request: 0.000322 seconds.
  path: Assets/Package04_Free_Kitchen/FreeKitchen/Materials/Version03/FreeCabinet01_Material.mat
  artifactKey: Guid(e4a2341c7f21f4cd081610ac142acf4a) Importer(815301076,1909f56bfc062723c751e8b465ee728b)
Start importing Assets/Package04_Free_Kitchen/FreeKitchen/Materials/Version03/FreeCabinet01_Material.mat using Guid(e4a2341c7f21f4cd081610ac142acf4a) Importer(815301076,1909f56bfc062723c751e8b465ee728b) [PhysX] Initialized MultithreadedTaskDispatcher with 8 workers.
[PhysX] Initialized MultithreadedTaskDispatcher with 8 workers.
 -> (artifact id: '473ed934f197a63ccbbb19a8a5894c0d') in 0.013512 seconds
Number of updated asset objects reloaded before import = 0
Number of asset objects unloaded after import = 5
========================================================================
Received Import Request.
  Time since last request: 0.000257 seconds.
  path: Assets/Package04_Free_Kitchen/FreeKitchen/Materials/Version01/FreeCabinet03_Material.mat
  artifactKey: Guid(7bbdba66bc24f465cac07ee3725d318b) Importer(815301076,1909f56bfc062723c751e8b465ee728b)
Start importing Assets/Package04_Free_Kitchen/FreeKitchen/Materials/Version01/FreeCabinet03_Material.mat using Guid(7bbdba66bc24f465cac07ee3725d318b) Importer(815301076,1909f56bfc062723c751e8b465ee728b) [PhysX] Initialized MultithreadedTaskDispatcher with 8 workers.
[PhysX] Initialized MultithreadedTaskDispatcher with 8 workers.
 -> (artifact id: '1b63055f60e0c9eb75e9a4b49f16e560') in 0.011751 seconds
Number of updated asset objects reloaded before import = 0
Number of asset objects unloaded after import = 5
========================================================================
Received Import Request.
  Time since last request: 0.384934 seconds.
  path: Assets/Package04_Free_Kitchen/FreeKitchen/Materials/Version01/FreeRoomAccessoriesMaterial.mat
  artifactKey: Guid(7ae051337c686434d998a8245e1536a3) Importer(815301076,1909f56bfc062723c751e8b465ee728b)
Start importing Assets/Package04_Free_Kitchen/FreeKitchen/Materials/Version01/FreeRoomAccessoriesMaterial.mat using Guid(7ae051337c686434d998a8245e1536a3) Importer(815301076,1909f56bfc062723c751e8b465ee728b) [PhysX] Initialized MultithreadedTaskDispatcher with 8 workers.
[PhysX] Initialized MultithreadedTaskDispatcher with 8 workers.
 -> (artifact id: 'c2bff9953617582e4c65d708786d4bc6') in 0.025096 seconds
Number of updated asset objects reloaded before import = 0
Number of asset objects unloaded after import = 5
========================================================================
Received Import Request.
  Time since last request: 0.000103 seconds.
  path: Assets/Package04_Free_Kitchen/FreeKitchen/Materials/Version02/FreeStoveMaterial.mat
  artifactKey: Guid(2af292c5cb48a401b9c651c5e50656ed) Importer(815301076,1909f56bfc062723c751e8b465ee728b)
Start importing Assets/Package04_Free_Kitchen/FreeKitchen/Materials/Version02/FreeStoveMaterial.mat using Guid(2af292c5cb48a401b9c651c5e50656ed) Importer(815301076,1909f56bfc062723c751e8b465ee728b) [PhysX] Initialized MultithreadedTaskDispatcher with 8 workers.
[PhysX] Initialized MultithreadedTaskDispatcher with 8 workers.
 -> (artifact id: 'ca3124e31a77c7ddf85c71e2e27ce8a9') in 0.022644 seconds
Number of updated asset objects reloaded before import = 0
Number of asset objects unloaded after import = 5
========================================================================
Received Import Request.
  Time since last request: 0.000227 seconds.
  path: Assets/Blink/Art/Characters/LowPoly/FREE_HumanLowPoly/Materials_Humans/Hair.mat
  artifactKey: Guid(0ec77e506658168428e174ef6ddb4abe) Importer(815301076,1909f56bfc062723c751e8b465ee728b)
Start importing Assets/Blink/Art/Characters/LowPoly/FREE_HumanLowPoly/Materials_Humans/Hair.mat using Guid(0ec77e506658168428e174ef6ddb4abe) Importer(815301076,1909f56bfc062723c751e8b465ee728b) [PhysX] Initialized MultithreadedTaskDispatcher with 8 workers.
[PhysX] Initialized MultithreadedTaskDispatcher with 8 workers.
 -> (artifact id: '0fd9eb4ba87b0e8b7954c436e6027cf0') in 0.011431 seconds
Number of updated asset objects reloaded before import = 0
Number of asset objects unloaded after import = 1
========================================================================
Received Import Request.
  Time since last request: 0.000121 seconds.
  path: Assets/Brick Project Studio/Apartment Kit/Common/Materials/Misc/Int_Apt_MarbleWall_01.mat
  artifactKey: Guid(14caf24636c53854ea2f3f8ca2dd0fc1) Importer(815301076,1909f56bfc062723c751e8b465ee728b)
Start importing Assets/Brick Project Studio/Apartment Kit/Common/Materials/Misc/Int_Apt_MarbleWall_01.mat using Guid(14caf24636c53854ea2f3f8ca2dd0fc1) Importer(815301076,1909f56bfc062723c751e8b465ee728b) [PhysX] Initialized MultithreadedTaskDispatcher with 8 workers.
[PhysX] Initialized MultithreadedTaskDispatcher with 8 workers.
 -> (artifact id: 'c8eaf61ba41910c1bdc1d3cac357600e') in 0.011725 seconds
Number of updated asset objects reloaded before import = 0
Number of asset objects unloaded after import = 2
========================================================================
Received Import Request.
  Time since last request: 0.000040 seconds.
  path: Assets/Brick Project Studio/_BPS Basic Assets/Common/Materials/Basic Assets/Int_BS_02.mat
  artifactKey: Guid(1f972757765558b46aa948a406f8542a) Importer(815301076,1909f56bfc062723c751e8b465ee728b)
Start importing Assets/Brick Project Studio/_BPS Basic Assets/Common/Materials/Basic Assets/Int_BS_02.mat using Guid(1f972757765558b46aa948a406f8542a) Importer(815301076,1909f56bfc062723c751e8b465ee728b) [PhysX] Initialized MultithreadedTaskDispatcher with 8 workers.
[PhysX] Initialized MultithreadedTaskDispatcher with 8 workers.
 -> (artifact id: '89da3220a6d70bbfd05795d8411ae777') in 0.014387 seconds
Number of updated asset objects reloaded before import = 0
Number of asset objects unloaded after import = 2
========================================================================
Received Import Request.
  Time since last request: 0.000108 seconds.
  path: Assets/Brick Project Studio/Apartment Kit/Common/Materials/Interior Exterior/Int_Apt_02.mat
  artifactKey: Guid(1189fd509fb646c4bbef59dd93c02b71) Importer(815301076,1909f56bfc062723c751e8b465ee728b)
Start importing Assets/Brick Project Studio/Apartment Kit/Common/Materials/Interior Exterior/Int_Apt_02.mat using Guid(1189fd509fb646c4bbef59dd93c02b71) Importer(815301076,1909f56bfc062723c751e8b465ee728b) [PhysX] Initialized MultithreadedTaskDispatcher with 8 workers.
[PhysX] Initialized MultithreadedTaskDispatcher with 8 workers.
 -> (artifact id: '6b1f1e0d35b875b48b00e2bb6c56889e') in 0.022648 seconds
Number of updated asset objects reloaded before import = 0
Number of asset objects unloaded after import = 3
========================================================================
Received Import Request.
  Time since last request: 0.000139 seconds.
  path: Assets/Brick Project Studio/Apartment Kit/Common/Materials/Surface/Glass_Dark.mat
  artifactKey: Guid(cc90876a24c95974baf293258366d22d) Importer(815301076,1909f56bfc062723c751e8b465ee728b)
Start importing Assets/Brick Project Studio/Apartment Kit/Common/Materials/Surface/Glass_Dark.mat using Guid(cc90876a24c95974baf293258366d22d) Importer(815301076,1909f56bfc062723c751e8b465ee728b) [PhysX] Initialized MultithreadedTaskDispatcher with 8 workers.
[PhysX] Initialized MultithreadedTaskDispatcher with 8 workers.
 -> (artifact id: '614ad8f47148605a3bd9b568cd38ce80') in 0.008363 seconds
Number of updated asset objects reloaded before import = 0
Number of asset objects unloaded after import = 1
========================================================================
Received Import Request.
  Time since last request: 0.000072 seconds.
  path: Assets/JP Environmental Asset Pack/Materials/Ground Materials/Grass Floor 1.mat
  artifactKey: Guid(bc7542fa398d07c40a1a88ff877c9ee6) Importer(815301076,1909f56bfc062723c751e8b465ee728b)
Start importing Assets/JP Environmental Asset Pack/Materials/Ground Materials/Grass Floor 1.mat using Guid(bc7542fa398d07c40a1a88ff877c9ee6) Importer(815301076,1909f56bfc062723c751e8b465ee728b) [PhysX] Initialized MultithreadedTaskDispatcher with 8 workers.
[PhysX] Initialized MultithreadedTaskDispatcher with 8 workers.
 -> (artifact id: '3a1864c0128898499fe231c09bbf3cd5') in 0.031998 seconds
Number of updated asset objects reloaded before import = 0
Number of asset objects unloaded after import = 5
========================================================================
Received Import Request.
  Time since last request: 0.000630 seconds.
  path: Assets/Package04_Free_Kitchen/FreeKitchen/Materials/GroundMaterial.mat
  artifactKey: Guid(7795727b08de5499297abd25be168839) Importer(815301076,1909f56bfc062723c751e8b465ee728b)
Start importing Assets/Package04_Free_Kitchen/FreeKitchen/Materials/GroundMaterial.mat using Guid(7795727b08de5499297abd25be168839) Importer(815301076,1909f56bfc062723c751e8b465ee728b) [PhysX] Initialized MultithreadedTaskDispatcher with 8 workers.
[PhysX] Initialized MultithreadedTaskDispatcher with 8 workers.
 -> (artifact id: '54e96a28cc6ac66f748156aa7ec49610') in 0.007876 seconds
Number of updated asset objects reloaded before import = 0
Number of asset objects unloaded after import = 1
========================================================================
Received Import Request.
  Time since last request: 0.000214 seconds.
  path: Assets/JP Environmental Asset Pack/Materials/Ground Materials/Grass Floor 2.mat
  artifactKey: Guid(d0c86399931d65c40ae1b437d71e557d) Importer(815301076,1909f56bfc062723c751e8b465ee728b)
Start importing Assets/JP Environmental Asset Pack/Materials/Ground Materials/Grass Floor 2.mat using Guid(d0c86399931d65c40ae1b437d71e557d) Importer(815301076,1909f56bfc062723c751e8b465ee728b) [PhysX] Initialized MultithreadedTaskDispatcher with 8 workers.
[PhysX] Initialized MultithreadedTaskDispatcher with 8 workers.
 -> (artifact id: '6ea74cc44ed1ee301d57da852275f821') in 0.029603 seconds
Number of updated asset objects reloaded before import = 0
Number of asset objects unloaded after import = 6
========================================================================
Received Import Request.
  Time since last request: 0.000212 seconds.
  path: Assets/TextMesh Pro/Examples & Extras/Materials/Ground - Surface Shader Scene.mat
  artifactKey: Guid(aadd5a709a48466c887296bb5b1b8110) Importer(815301076,1909f56bfc062723c751e8b465ee728b)
Start importing Assets/TextMesh Pro/Examples & Extras/Materials/Ground - Surface Shader Scene.mat using Guid(aadd5a709a48466c887296bb5b1b8110) Importer(815301076,1909f56bfc062723c751e8b465ee728b) [PhysX] Initialized MultithreadedTaskDispatcher with 8 workers.
[PhysX] Initialized MultithreadedTaskDispatcher with 8 workers.
 -> (artifact id: 'fc8618898bf01efcf2d99675fb34d5cc') in 0.007575 seconds
Number of updated asset objects reloaded before import = 0
Number of asset objects unloaded after import = 2
========================================================================
Received Import Request.
  Time since last request: 0.000118 seconds.
  path: Assets/Package04_Free_Kitchen/FreeKitchen/Materials/Version03/FreeStoveMaterial.mat
  artifactKey: Guid(a0506e1017c10478393efcf653538fc7) Importer(815301076,1909f56bfc062723c751e8b465ee728b)
Start importing Assets/Package04_Free_Kitchen/FreeKitchen/Materials/Version03/FreeStoveMaterial.mat using Guid(a0506e1017c10478393efcf653538fc7) Importer(815301076,1909f56bfc062723c751e8b465ee728b) [PhysX] Initialized MultithreadedTaskDispatcher with 8 workers.
[PhysX] Initialized MultithreadedTaskDispatcher with 8 workers.
 -> (artifact id: 'ffd0eda5ecfe56324d2d66252c8af6e8') in 0.018235 seconds
Number of updated asset objects reloaded before import = 0
Number of asset objects unloaded after import = 5
========================================================================
Received Import Request.
  Time since last request: 0.000564 seconds.
  path: Assets/Package04_Free_Kitchen/FreeKitchen/Materials/Version01/FreeRoomMaterial.mat
  artifactKey: Guid(7a2e60135d3a74f4a89b5224b4010f7a) Importer(815301076,1909f56bfc062723c751e8b465ee728b)
Start importing Assets/Package04_Free_Kitchen/FreeKitchen/Materials/Version01/FreeRoomMaterial.mat using Guid(7a2e60135d3a74f4a89b5224b4010f7a) Importer(815301076,1909f56bfc062723c751e8b465ee728b) [PhysX] Initialized MultithreadedTaskDispatcher with 8 workers.
[PhysX] Initialized MultithreadedTaskDispatcher with 8 workers.
 -> (artifact id: 'a854c31a01fec5f8213e863247237ec1') in 0.021505 seconds
Number of updated asset objects reloaded before import = 0
Number of asset objects unloaded after import = 5
========================================================================
Received Import Request.
  Time since last request: 0.000127 seconds.
  path: Assets/Brick Project Studio/Apartment Kit/Common/Materials/Misc/GameConsole_01.mat
  artifactKey: Guid(cd2528b4c58decf4fa93cbcfc4c870ee) Importer(815301076,1909f56bfc062723c751e8b465ee728b)
Start importing Assets/Brick Project Studio/Apartment Kit/Common/Materials/Misc/GameConsole_01.mat using Guid(cd2528b4c58decf4fa93cbcfc4c870ee) Importer(815301076,1909f56bfc062723c751e8b465ee728b) [PhysX] Initialized MultithreadedTaskDispatcher with 8 workers.
[PhysX] Initialized MultithreadedTaskDispatcher with 8 workers.
 -> (artifact id: 'e23c6733fb47a4079be2304e3bcaf2fc') in 0.006377 seconds
Number of updated asset objects reloaded before import = 0
Number of asset objects unloaded after import = 2
========================================================================
Received Import Request.
  Time since last request: 0.000075 seconds.
  path: Assets/Brick Project Studio/_BPS Basic Assets/Common/Materials/Legacy/Gold.mat
  artifactKey: Guid(e767d86cbf3099a478162f1692b1edf3) Importer(815301076,1909f56bfc062723c751e8b465ee728b)
Start importing Assets/Brick Project Studio/_BPS Basic Assets/Common/Materials/Legacy/Gold.mat using Guid(e767d86cbf3099a478162f1692b1edf3) Importer(815301076,1909f56bfc062723c751e8b465ee728b) [PhysX] Initialized MultithreadedTaskDispatcher with 8 workers.
[PhysX] Initialized MultithreadedTaskDispatcher with 8 workers.
 -> (artifact id: 'a304c43c3571a70328416df89da17ca0') in 0.005020 seconds
Number of updated asset objects reloaded before import = 0
Number of asset objects unloaded after import = 1
========================================================================
Received Import Request.
  Time since last request: 0.000570 seconds.
  path: Assets/Brick Project Studio/_BPS Basic Assets/Common/Materials/Restroom/Int_RR_01.mat
  artifactKey: Guid(b61458ebb19004843af57f63626d7f2a) Importer(815301076,1909f56bfc062723c751e8b465ee728b)
Start importing Assets/Brick Project Studio/_BPS Basic Assets/Common/Materials/Restroom/Int_RR_01.mat using Guid(b61458ebb19004843af57f63626d7f2a) Importer(815301076,1909f56bfc062723c751e8b465ee728b) [PhysX] Initialized MultithreadedTaskDispatcher with 8 workers.
[PhysX] Initialized MultithreadedTaskDispatcher with 8 workers.
 -> (artifact id: '2c5c4d17726c317bab97b040ac20ea5f') in 0.014976 seconds
Number of updated asset objects reloaded before import = 0
Number of asset objects unloaded after import = 3
========================================================================
Received Import Request.
  Time since last request: 0.000626 seconds.
  path: Assets/Package04_Free_Kitchen/FreeKitchen/Materials/Version01/FreeStoveMaterial.mat
  artifactKey: Guid(6440467843e6c4620816451587b79027) Importer(815301076,1909f56bfc062723c751e8b465ee728b)
Start importing Assets/Package04_Free_Kitchen/FreeKitchen/Materials/Version01/FreeStoveMaterial.mat using Guid(6440467843e6c4620816451587b79027) Importer(815301076,1909f56bfc062723c751e8b465ee728b) [PhysX] Initialized MultithreadedTaskDispatcher with 8 workers.
[PhysX] Initialized MultithreadedTaskDispatcher with 8 workers.
 -> (artifact id: '658f02a5b756b1b80dcead919c354632') in 0.021576 seconds
Number of updated asset objects reloaded before import = 0
Number of asset objects unloaded after import = 5
========================================================================
Received Import Request.
  Time since last request: 0.000040 seconds.
  path: Assets/Brick Project Studio/Apartment Kit/Common/Materials/Misc/keyboard_01.mat
  artifactKey: Guid(82dc13826f8c00040b92c94337944a2f) Importer(815301076,1909f56bfc062723c751e8b465ee728b)
Start importing Assets/Brick Project Studio/Apartment Kit/Common/Materials/Misc/keyboard_01.mat using Guid(82dc13826f8c00040b92c94337944a2f) Importer(815301076,1909f56bfc062723c751e8b465ee728b) [PhysX] Initialized MultithreadedTaskDispatcher with 8 workers.
[PhysX] Initialized MultithreadedTaskDispatcher with 8 workers.
 -> (artifact id: '8f396153921675dc45587eb3158750e1') in 0.007500 seconds
Number of updated asset objects reloaded before import = 0
Number of asset objects unloaded after import = 3
========================================================================
Received Import Request.
  Time since last request: 0.329176 seconds.
  path: Assets/Brick Project Studio/Apartment Kit/Common/Materials/Misc/Lamp 02 Ceiling Shade - On.mat
  artifactKey: Guid(136beb9ca8a36994ca60918c49ee2767) Importer(815301076,1909f56bfc062723c751e8b465ee728b)
Start importing Assets/Brick Project Studio/Apartment Kit/Common/Materials/Misc/Lamp 02 Ceiling Shade - On.mat using Guid(136beb9ca8a36994ca60918c49ee2767) Importer(815301076,1909f56bfc062723c751e8b465ee728b) [PhysX] Initialized MultithreadedTaskDispatcher with 8 workers.
[PhysX] Initialized MultithreadedTaskDispatcher with 8 workers.
 -> (artifact id: '703035f3c35e11d34503523c41bc7613') in 0.014565 seconds
Number of updated asset objects reloaded before import = 0
Number of asset objects unloaded after import = 3
========================================================================
Received Import Request.
  Time since last request: 0.000095 seconds.
  path: Assets/Brick Project Studio/Apartment Kit/Common/Textures/Misc/Materials/Lamp 02 Table shade.mat
  artifactKey: Guid(338f5f6b98d9d494d9597def9470a568) Importer(815301076,1909f56bfc062723c751e8b465ee728b)
Start importing Assets/Brick Project Studio/Apartment Kit/Common/Textures/Misc/Materials/Lamp 02 Table shade.mat using Guid(338f5f6b98d9d494d9597def9470a568) Importer(815301076,1909f56bfc062723c751e8b465ee728b) [PhysX] Initialized MultithreadedTaskDispatcher with 8 workers.
[PhysX] Initialized MultithreadedTaskDispatcher with 8 workers.
 -> (artifact id: 'baa8e15a406c3bcd8520da33aa4ef48a') in 0.010924 seconds
Number of updated asset objects reloaded before import = 0
Number of asset objects unloaded after import = 2
========================================================================
Received Import Request.
  Time since last request: 0.000398 seconds.
  path: Assets/Brick Project Studio/Apartment Kit/Common/Materials/Surface/Mesh_Black.mat
  artifactKey: Guid(c8a87a4e32c07864dabf944c9797ff12) Importer(815301076,1909f56bfc062723c751e8b465ee728b)
Start importing Assets/Brick Project Studio/Apartment Kit/Common/Materials/Surface/Mesh_Black.mat using Guid(c8a87a4e32c07864dabf944c9797ff12) Importer(815301076,1909f56bfc062723c751e8b465ee728b) [PhysX] Initialized MultithreadedTaskDispatcher with 8 workers.
[PhysX] Initialized MultithreadedTaskDispatcher with 8 workers.
 -> (artifact id: '1671f6c7cd03b2ed787e415e9d86440b') in 0.010332 seconds
Number of updated asset objects reloaded before import = 0
Number of asset objects unloaded after import = 3
========================================================================
Received Import Request.
  Time since last request: 0.000148 seconds.
  path: Assets/TextMesh Pro/Resources/Fonts & Materials/LiberationSans SDF - Outline.mat
  artifactKey: Guid(79459efec17a4d00a321bdcc27bbc385) Importer(815301076,1909f56bfc062723c751e8b465ee728b)
Start importing Assets/TextMesh Pro/Resources/Fonts & Materials/LiberationSans SDF - Outline.mat using Guid(79459efec17a4d00a321bdcc27bbc385) Importer(815301076,1909f56bfc062723c751e8b465ee728b) [PhysX] Initialized MultithreadedTaskDispatcher with 8 workers.
[PhysX] Initialized MultithreadedTaskDispatcher with 8 workers.
 -> (artifact id: '1dd931b527134f504063c4c9a8ac3c35') in 0.017933 seconds
Number of updated asset objects reloaded before import = 0
Number of asset objects unloaded after import = 2
========================================================================
Received Import Request.
  Time since last request: 0.000182 seconds.
  path: Assets/Medieval props/Materials/No Name.mat
  artifactKey: Guid(9caad11480c3a9843896966391920a3a) Importer(815301076,1909f56bfc062723c751e8b465ee728b)
Start importing Assets/Medieval props/Materials/No Name.mat using Guid(9caad11480c3a9843896966391920a3a) Importer(815301076,1909f56bfc062723c751e8b465ee728b) [PhysX] Initialized MultithreadedTaskDispatcher with 8 workers.
[PhysX] Initialized MultithreadedTaskDispatcher with 8 workers.
 -> (artifact id: '4aa244b57b1367bd42cc51d6fce4cc4e') in 0.003503 seconds
Number of updated asset objects reloaded before import = 0
Number of asset objects unloaded after import = 1
========================================================================
Received Import Request.
  Time since last request: 0.000088 seconds.
  path: Assets/Brick Project Studio/Apartment Kit/Common/Materials/Surface/Plastic_01.mat
  artifactKey: Guid(9a0f81c2a61d0294db7e1b3a3eabad0c) Importer(815301076,1909f56bfc062723c751e8b465ee728b)
Start importing Assets/Brick Project Studio/Apartment Kit/Common/Materials/Surface/Plastic_01.mat using Guid(9a0f81c2a61d0294db7e1b3a3eabad0c) Importer(815301076,1909f56bfc062723c751e8b465ee728b) [PhysX] Initialized MultithreadedTaskDispatcher with 8 workers.
[PhysX] Initialized MultithreadedTaskDispatcher with 8 workers.
 -> (artifact id: 'd1b6f7ab54881cd977bb60e3ec17f0d0') in 0.012741 seconds
Number of updated asset objects reloaded before import = 0
Number of asset objects unloaded after import = 3
========================================================================
Received Import Request.
  Time since last request: 0.000076 seconds.
  path: Assets/ALP_Assets/country house01/Materials/OldHouseMapWood02.mat
  artifactKey: Guid(ecd128db1118ce547a6d0d43689030e3) Importer(815301076,1909f56bfc062723c751e8b465ee728b)
Start importing Assets/ALP_Assets/country house01/Materials/OldHouseMapWood02.mat using Guid(ecd128db1118ce547a6d0d43689030e3) Importer(815301076,1909f56bfc062723c751e8b465ee728b) [PhysX] Initialized MultithreadedTaskDispatcher with 8 workers.
[PhysX] Initialized MultithreadedTaskDispatcher with 8 workers.
 -> (artifact id: '380918647c5c5b082a60da0123beb641') in 0.045377 seconds
Number of updated asset objects reloaded before import = 0
Number of asset objects unloaded after import = 3
========================================================================
Received Import Request.
  Time since last request: 0.000037 seconds.
  path: Assets/Brick Project Studio/_BPS Basic Assets/Common/Materials/Restroom/RR_SoapLabel.mat
  artifactKey: Guid(66fe060a1655b474b9ce1641bbf19f9d) Importer(815301076,1909f56bfc062723c751e8b465ee728b)
Start importing Assets/Brick Project Studio/_BPS Basic Assets/Common/Materials/Restroom/RR_SoapLabel.mat using Guid(66fe060a1655b474b9ce1641bbf19f9d) Importer(815301076,1909f56bfc062723c751e8b465ee728b) [PhysX] Initialized MultithreadedTaskDispatcher with 8 workers.
[PhysX] Initialized MultithreadedTaskDispatcher with 8 workers.
 -> (artifact id: 'cfc6a7cbf0a2e6083d3543505cee111c') in 0.010133 seconds
Number of updated asset objects reloaded before import = 0
Number of asset objects unloaded after import = 2
========================================================================
Received Import Request.
  Time since last request: 0.000106 seconds.
  path: Assets/Brick Project Studio/Apartment Kit/Common/Materials/Surface/Leather_01.mat
  artifactKey: Guid(cd43f733a36e7fa459b71f33b2d0bb36) Importer(815301076,1909f56bfc062723c751e8b465ee728b)
Start importing Assets/Brick Project Studio/Apartment Kit/Common/Materials/Surface/Leather_01.mat using Guid(cd43f733a36e7fa459b71f33b2d0bb36) Importer(815301076,1909f56bfc062723c751e8b465ee728b) [PhysX] Initialized MultithreadedTaskDispatcher with 8 workers.
[PhysX] Initialized MultithreadedTaskDispatcher with 8 workers.
 -> (artifact id: '34f4cde25d44937cd29e73393177bcff') in 0.022708 seconds
Number of updated asset objects reloaded before import = 0
Number of asset objects unloaded after import = 4
========================================================================
Received Import Request.
  Time since last request: 0.000133 seconds.
  path: Assets/Brick Project Studio/_BPS Basic Assets/Common/Materials/Restroom/RR_Panel_01.mat
  artifactKey: Guid(0dc30470004dae846a55ed5379ef2239) Importer(815301076,1909f56bfc062723c751e8b465ee728b)
Start importing Assets/Brick Project Studio/_BPS Basic Assets/Common/Materials/Restroom/RR_Panel_01.mat using Guid(0dc30470004dae846a55ed5379ef2239) Importer(815301076,1909f56bfc062723c751e8b465ee728b) [PhysX] Initialized MultithreadedTaskDispatcher with 8 workers.
[PhysX] Initialized MultithreadedTaskDispatcher with 8 workers.
 -> (artifact id: '07a9e27a4e5a574d02ae8f686a257d30') in 0.006067 seconds
Number of updated asset objects reloaded before import = 0
Number of asset objects unloaded after import = 2
========================================================================
Received Import Request.
  Time since last request: 0.000123 seconds.
  path: Assets/TextMesh Pro/Resources/Fonts & Materials/LiberationSans SDF - Fallback.asset
  artifactKey: Guid(2e498d1c8094910479dc3e1b768306a4) Importer(815301076,1909f56bfc062723c751e8b465ee728b)
Start importing Assets/TextMesh Pro/Resources/Fonts & Materials/LiberationSans SDF - Fallback.asset using Guid(2e498d1c8094910479dc3e1b768306a4) Importer(815301076,1909f56bfc062723c751e8b465ee728b) [PhysX] Initialized MultithreadedTaskDispatcher with 8 workers.
[PhysX] Initialized MultithreadedTaskDispatcher with 8 workers.
[PhysX] Initialized MultithreadedTaskDispatcher with 8 workers.
 -> (artifact id: '20544959ab703808c27824d827caf55d') in 0.023487 seconds
Number of updated asset objects reloaded before import = 0
Number of asset objects unloaded after import = 6
========================================================================
Received Import Request.
  Time since last request: 0.000068 seconds.
  path: Assets/TextMesh Pro/Resources/Fonts & Materials/LiberationSans SDF - Drop Shadow.mat
  artifactKey: Guid(e73a58f6e2794ae7b1b7e50b7fb811b0) Importer(815301076,1909f56bfc062723c751e8b465ee728b)
Start importing Assets/TextMesh Pro/Resources/Fonts & Materials/LiberationSans SDF - Drop Shadow.mat using Guid(e73a58f6e2794ae7b1b7e50b7fb811b0) Importer(815301076,1909f56bfc062723c751e8b465ee728b) [PhysX] Initialized MultithreadedTaskDispatcher with 8 workers.
[PhysX] Initialized MultithreadedTaskDispatcher with 8 workers.
 -> (artifact id: 'c59ef58e009c3e01c6bbf56f61f35f44') in 0.013719 seconds
Number of updated asset objects reloaded before import = 0
Number of asset objects unloaded after import = 2
========================================================================
Received Import Request.
  Time since last request: 0.000086 seconds.
  path: Assets/Brick Project Studio/Apartment Kit/Common/Materials/Surface/LampShade_On.mat
  artifactKey: Guid(b88360a072428ab458700f373aaa91ee) Importer(815301076,1909f56bfc062723c751e8b465ee728b)
Start importing Assets/Brick Project Studio/Apartment Kit/Common/Materials/Surface/LampShade_On.mat using Guid(b88360a072428ab458700f373aaa91ee) Importer(815301076,1909f56bfc062723c751e8b465ee728b) [PhysX] Initialized MultithreadedTaskDispatcher with 8 workers.
[PhysX] Initialized MultithreadedTaskDispatcher with 8 workers.
 -> (artifact id: '06b5d9c70134d263367d47f5f03b5ada') in 0.006504 seconds
Number of updated asset objects reloaded before import = 0
Number of asset objects unloaded after import = 4
========================================================================
Received Import Request.
  Time since last request: 0.000042 seconds.
  path: Assets/TextMesh Pro/Resources/Fonts & Materials/LiberationSans SDF.asset
  artifactKey: Guid(8f586378b4e144a9851e7b34d9b748ee) Importer(815301076,1909f56bfc062723c751e8b465ee728b)
Start importing Assets/TextMesh Pro/Resources/Fonts & Materials/LiberationSans SDF.asset using Guid(8f586378b4e144a9851e7b34d9b748ee) Importer(815301076,1909f56bfc062723c751e8b465ee728b) [PhysX] Initialized MultithreadedTaskDispatcher with 8 workers.
[PhysX] Initialized MultithreadedTaskDispatcher with 8 workers.
[PhysX] Initialized MultithreadedTaskDispatcher with 8 workers.
 -> (artifact id: '50cb51c668769806ab58233d7765281e') in 0.017816 seconds
Number of updated asset objects reloaded before import = 0
Number of asset objects unloaded after import = 9
========================================================================
Received Import Request.
  Time since last request: 0.000193 seconds.
  path: Assets/Brick Project Studio/Apartment Kit/Common/Materials/Surface/porc_01.mat
  artifactKey: Guid(691850c8ec9fa6d44ae662bfdbe6c53a) Importer(815301076,1909f56bfc062723c751e8b465ee728b)
Start importing Assets/Brick Project Studio/Apartment Kit/Common/Materials/Surface/porc_01.mat using Guid(691850c8ec9fa6d44ae662bfdbe6c53a) Importer(815301076,1909f56bfc062723c751e8b465ee728b) [PhysX] Initialized MultithreadedTaskDispatcher with 8 workers.
[PhysX] Initialized MultithreadedTaskDispatcher with 8 workers.
 -> (artifact id: '0d768f50c1d9fe4b95d76f8433c19fe0') in 0.004501 seconds
Number of updated asset objects reloaded before import = 0
Number of asset objects unloaded after import = 1
========================================================================
Received Import Request.
  Time since last request: 0.000113 seconds.
  path: Assets/Medieval props/Materials/PileOfWoodV1.mat
  artifactKey: Guid(35e1bdb26b486424f9deeed08df5eeb8) Importer(815301076,1909f56bfc062723c751e8b465ee728b)
Start importing Assets/Medieval props/Materials/PileOfWoodV1.mat using Guid(35e1bdb26b486424f9deeed08df5eeb8) Importer(815301076,1909f56bfc062723c751e8b465ee728b) [PhysX] Initialized MultithreadedTaskDispatcher with 8 workers.
[PhysX] Initialized MultithreadedTaskDispatcher with 8 workers.
 -> (artifact id: '8fb27c44a08a66b354cd57b6b63c2456') in 0.019924 seconds
Number of updated asset objects reloaded before import = 0
Number of asset objects unloaded after import = 5
========================================================================
Received Import Request.
  Time since last request: 0.000088 seconds.
  path: Assets/ALP_Assets/country house01/Materials/New Material.mat
  artifactKey: Guid(3fd0805e8dc454844ae22682f7b8730b) Importer(815301076,1909f56bfc062723c751e8b465ee728b)
Start importing Assets/ALP_Assets/country house01/Materials/New Material.mat using Guid(3fd0805e8dc454844ae22682f7b8730b) Importer(815301076,1909f56bfc062723c751e8b465ee728b) [PhysX] Initialized MultithreadedTaskDispatcher with 8 workers.
[PhysX] Initialized MultithreadedTaskDispatcher with 8 workers.
 -> (artifact id: 'ab89c184d7093ccb57464c3dba8cde87') in 0.004965 seconds
Number of updated asset objects reloaded before import = 0
Number of asset objects unloaded after import = 1
========================================================================
Received Import Request.
  Time since last request: 0.000106 seconds.
  path: Assets/Brick Project Studio/Apartment Kit/Common/Materials/Misc/Marble_Dark.mat
  artifactKey: Guid(6d3ba1df7fa074c45b26f73faef7608e) Importer(815301076,1909f56bfc062723c751e8b465ee728b)
Start importing Assets/Brick Project Studio/Apartment Kit/Common/Materials/Misc/Marble_Dark.mat using Guid(6d3ba1df7fa074c45b26f73faef7608e) Importer(815301076,1909f56bfc062723c751e8b465ee728b) [PhysX] Initialized MultithreadedTaskDispatcher with 8 workers.
[PhysX] Initialized MultithreadedTaskDispatcher with 8 workers.
 -> (artifact id: '07fff7704840cab7960cdeba01d237f8') in 0.008401 seconds
Number of updated asset objects reloaded before import = 0
Number of asset objects unloaded after import = 4
========================================================================
Received Import Request.
  Time since last request: 0.000078 seconds.
  path: Assets/Brick Project Studio/Apartment Kit/Common/Materials/Surface/Porcelain_01.mat
  artifactKey: Guid(460d4e0c91ed8c5439e09b9b3b47c398) Importer(815301076,1909f56bfc062723c751e8b465ee728b)
Start importing Assets/Brick Project Studio/Apartment Kit/Common/Materials/Surface/Porcelain_01.mat using Guid(460d4e0c91ed8c5439e09b9b3b47c398) Importer(815301076,1909f56bfc062723c751e8b465ee728b) [PhysX] Initialized MultithreadedTaskDispatcher with 8 workers.
[PhysX] Initialized MultithreadedTaskDispatcher with 8 workers.
 -> (artifact id: '19bcaf072c52300e6cceaeb24b4aca45') in 0.015181 seconds
Number of updated asset objects reloaded before import = 0
Number of asset objects unloaded after import = 5
========================================================================
Received Import Request.
  Time since last request: 0.000291 seconds.
  path: Assets/TextMesh Pro/Examples & Extras/Resources/Fonts & Materials/Roboto-Bold SDF - Drop Shadow.mat
  artifactKey: Guid(b246c4190f4e46ec9352fe15a7b09ce0) Importer(815301076,1909f56bfc062723c751e8b465ee728b)
Start importing Assets/TextMesh Pro/Examples & Extras/Resources/Fonts & Materials/Roboto-Bold SDF - Drop Shadow.mat using Guid(b246c4190f4e46ec9352fe15a7b09ce0) Importer(815301076,1909f56bfc062723c751e8b465ee728b) [PhysX] Initialized MultithreadedTaskDispatcher with 8 workers.
[PhysX] Initialized MultithreadedTaskDispatcher with 8 workers.
 -> (artifact id: '9b7e9d26318a6e22e670060569117744') in 0.003300 seconds
Number of updated asset objects reloaded before import = 0
Number of asset objects unloaded after import = 2
========================================================================
Received Import Request.
  Time since last request: 0.000194 seconds.
  path: Assets/Brick Project Studio/Apartment Kit/Common/Materials/Surface/Plastic_02.mat
  artifactKey: Guid(a2c29511873a89c4b8ec41360c9dd9cf) Importer(815301076,1909f56bfc062723c751e8b465ee728b)
Start importing Assets/Brick Project Studio/Apartment Kit/Common/Materials/Surface/Plastic_02.mat using Guid(a2c29511873a89c4b8ec41360c9dd9cf) Importer(815301076,1909f56bfc062723c751e8b465ee728b) [PhysX] Initialized MultithreadedTaskDispatcher with 8 workers.
[PhysX] Initialized MultithreadedTaskDispatcher with 8 workers.
 -> (artifact id: 'bf9fdfad4e7623d936dad7dea58dbd2e') in 0.008064 seconds
Number of updated asset objects reloaded before import = 0
Number of asset objects unloaded after import = 4
========================================================================
Received Import Request.
  Time since last request: 0.000133 seconds.
  path: Assets/Brick Project Studio/Apartment Kit/Common/Materials/Surface/RedLight_01.mat
  artifactKey: Guid(4bb7c435fb1657c42a9ec5ad46b7100a) Importer(815301076,1909f56bfc062723c751e8b465ee728b)
Start importing Assets/Brick Project Studio/Apartment Kit/Common/Materials/Surface/RedLight_01.mat using Guid(4bb7c435fb1657c42a9ec5ad46b7100a) Importer(815301076,1909f56bfc062723c751e8b465ee728b) [PhysX] Initialized MultithreadedTaskDispatcher with 8 workers.
[PhysX] Initialized MultithreadedTaskDispatcher with 8 workers.
 -> (artifact id: '9ff58d9b3b8651407c347160a6bbc3a1') in 0.003889 seconds
Number of updated asset objects reloaded before import = 0
Number of asset objects unloaded after import = 1
========================================================================
Received Import Request.
  Time since last request: 0.000175 seconds.
  path: Assets/Brick Project Studio/Apartment Kit/Common/Materials/Misc/Lamp 02 Shade - On.mat
  artifactKey: Guid(71e62a5ab55406f4aada84fe885d47b0) Importer(815301076,1909f56bfc062723c751e8b465ee728b)
Start importing Assets/Brick Project Studio/Apartment Kit/Common/Materials/Misc/Lamp 02 Shade - On.mat using Guid(71e62a5ab55406f4aada84fe885d47b0) Importer(815301076,1909f56bfc062723c751e8b465ee728b) [PhysX] Initialized MultithreadedTaskDispatcher with 8 workers.
[PhysX] Initialized MultithreadedTaskDispatcher with 8 workers.
 -> (artifact id: '92c332fc89d03e4f9bc087627348bd4f') in 0.004608 seconds
Number of updated asset objects reloaded before import = 0
Number of asset objects unloaded after import = 3
========================================================================
Received Import Request.
  Time since last request: 0.000290 seconds.
  path: Assets/Brick Project Studio/Apartment Kit/Common/Materials/Misc/WallArt_Apt_02.mat
  artifactKey: Guid(9fe643e01fee71e4e8eb0fdd60b24118) Importer(815301076,1909f56bfc062723c751e8b465ee728b)
Start importing Assets/Brick Project Studio/Apartment Kit/Common/Materials/Misc/WallArt_Apt_02.mat using Guid(9fe643e01fee71e4e8eb0fdd60b24118) Importer(815301076,1909f56bfc062723c751e8b465ee728b) [PhysX] Initialized MultithreadedTaskDispatcher with 8 workers.
[PhysX] Initialized MultithreadedTaskDispatcher with 8 workers.
 -> (artifact id: '4a857fce4042e8c241e0274187858b10') in 0.006638 seconds
Number of updated asset objects reloaded before import = 0
Number of asset objects unloaded after import = 2
========================================================================
Received Import Request.
  Time since last request: 0.000140 seconds.
  path: Assets/Blink/Art/Characters/LowPoly/FREE_HumanLowPoly/Materials_Humans/Underwear.mat
  artifactKey: Guid(fbac7c1722f262145b9ed0c0e940864d) Importer(815301076,1909f56bfc062723c751e8b465ee728b)
Start importing Assets/Blink/Art/Characters/LowPoly/FREE_HumanLowPoly/Materials_Humans/Underwear.mat using Guid(fbac7c1722f262145b9ed0c0e940864d) Importer(815301076,1909f56bfc062723c751e8b465ee728b) [PhysX] Initialized MultithreadedTaskDispatcher with 8 workers.
[PhysX] Initialized MultithreadedTaskDispatcher with 8 workers.
 -> (artifact id: '032a56ed3d092cc872b3b3769352bdcd') in 0.006072 seconds
Number of updated asset objects reloaded before import = 0
Number of asset objects unloaded after import = 1
========================================================================
Received Import Request.
  Time since last request: 0.000060 seconds.
  path: Assets/Brick Project Studio/Apartment Kit/Common/Materials/Surface/White Wine.mat
  artifactKey: Guid(aceec14a00995924b88aec0853110efe) Importer(815301076,1909f56bfc062723c751e8b465ee728b)
Start importing Assets/Brick Project Studio/Apartment Kit/Common/Materials/Surface/White Wine.mat using Guid(aceec14a00995924b88aec0853110efe) Importer(815301076,1909f56bfc062723c751e8b465ee728b) [PhysX] Initialized MultithreadedTaskDispatcher with 8 workers.
[PhysX] Initialized MultithreadedTaskDispatcher with 8 workers.
 -> (artifact id: '3efe19fe1471c485493b572a464cca27') in 0.006202 seconds
Number of updated asset objects reloaded before import = 0
Number of asset objects unloaded after import = 1
========================================================================
Received Import Request.
  Time since last request: 0.000058 seconds.
  path: Assets/Brick Project Studio/Apartment Kit/Common/Materials/Misc/Lamp 02 Table.mat
  artifactKey: Guid(ef49c0bd94883b4498c46a5c772544b3) Importer(815301076,1909f56bfc062723c751e8b465ee728b)
Start importing Assets/Brick Project Studio/Apartment Kit/Common/Materials/Misc/Lamp 02 Table.mat using Guid(ef49c0bd94883b4498c46a5c772544b3) Importer(815301076,1909f56bfc062723c751e8b465ee728b) [PhysX] Initialized MultithreadedTaskDispatcher with 8 workers.
[PhysX] Initialized MultithreadedTaskDispatcher with 8 workers.
 -> (artifact id: 'd42ed4ee553bd4d520fcdd34ad327050') in 0.007935 seconds
Number of updated asset objects reloaded before import = 0
Number of asset objects unloaded after import = 4
========================================================================
Received Import Request.
  Time since last request: 0.000061 seconds.
  path: Assets/Medieval props/Materials/Wood_TilledV2.mat
  artifactKey: Guid(798fc5408f06b9f4ba1f3d86a4a610c5) Importer(815301076,1909f56bfc062723c751e8b465ee728b)
Start importing Assets/Medieval props/Materials/Wood_TilledV2.mat using Guid(798fc5408f06b9f4ba1f3d86a4a610c5) Importer(815301076,1909f56bfc062723c751e8b465ee728b) [PhysX] Initialized MultithreadedTaskDispatcher with 8 workers.
[PhysX] Initialized MultithreadedTaskDispatcher with 8 workers.
 -> (artifact id: 'd557dafb379315380c6ceef8c4b51b24') in 0.014220 seconds
Number of updated asset objects reloaded before import = 0
Number of asset objects unloaded after import = 6
========================================================================
Received Import Request.
  Time since last request: 0.000048 seconds.
  path: Assets/Medieval props/Materials/Wood_TilledV4.mat
  artifactKey: Guid(17f4d93fa0e3d3d4498d51c4e0186a1d) Importer(815301076,1909f56bfc062723c751e8b465ee728b)
Start importing Assets/Medieval props/Materials/Wood_TilledV4.mat using Guid(17f4d93fa0e3d3d4498d51c4e0186a1d) Importer(815301076,1909f56bfc062723c751e8b465ee728b) [PhysX] Initialized MultithreadedTaskDispatcher with 8 workers.
[PhysX] Initialized MultithreadedTaskDispatcher with 8 workers.
 -> (artifact id: '85357ab29855d8d75edd7ec90889b207') in 0.017031 seconds
Number of updated asset objects reloaded before import = 0
Number of asset objects unloaded after import = 5
========================================================================
Received Import Request.
  Time since last request: 0.000070 seconds.
  path: Assets/Medieval props/Materials/LanternV2.mat
  artifactKey: Guid(4a9a4f5e12a27fd48bb4898744b69a49) Importer(815301076,1909f56bfc062723c751e8b465ee728b)
Start importing Assets/Medieval props/Materials/LanternV2.mat using Guid(4a9a4f5e12a27fd48bb4898744b69a49) Importer(815301076,1909f56bfc062723c751e8b465ee728b) [PhysX] Initialized MultithreadedTaskDispatcher with 8 workers.
[PhysX] Initialized MultithreadedTaskDispatcher with 8 workers.
 -> (artifact id: '83e4d699016ad8bdbb69ac69159301b9') in 0.032940 seconds
Number of updated asset objects reloaded before import = 0
Number of asset objects unloaded after import = 5
========================================================================
Received Import Request.
  Time since last request: 0.000066 seconds.
  path: Assets/Brick Project Studio/Apartment Kit/Common/Textures/Misc/Materials/Wine Bottle Label_04.mat
  artifactKey: Guid(2da50c04c4cc2d545857879c6041bb53) Importer(815301076,1909f56bfc062723c751e8b465ee728b)
Start importing Assets/Brick Project Studio/Apartment Kit/Common/Textures/Misc/Materials/Wine Bottle Label_04.mat using Guid(2da50c04c4cc2d545857879c6041bb53) Importer(815301076,1909f56bfc062723c751e8b465ee728b) [PhysX] Initialized MultithreadedTaskDispatcher with 8 workers.
[PhysX] Initialized MultithreadedTaskDispatcher with 8 workers.
 -> (artifact id: '4b32feda283a7ad1328d243f03b25f7b') in 0.008046 seconds
Number of updated asset objects reloaded before import = 0
Number of asset objects unloaded after import = 2
========================================================================
Received Import Request.
  Time since last request: 0.000037 seconds.
  path: Assets/Brick Project Studio/Apartment Kit/Common/Textures/Misc/Materials/Lamp 02 Table - Normal.mat
  artifactKey: Guid(adddfbbe18893274586f5767f7930d9b) Importer(815301076,1909f56bfc062723c751e8b465ee728b)
Start importing Assets/Brick Project Studio/Apartment Kit/Common/Textures/Misc/Materials/Lamp 02 Table - Normal.mat using Guid(adddfbbe18893274586f5767f7930d9b) Importer(815301076,1909f56bfc062723c751e8b465ee728b) [PhysX] Initialized MultithreadedTaskDispatcher with 8 workers.
[PhysX] Initialized MultithreadedTaskDispatcher with 8 workers.
 -> (artifact id: '63b2a57e42e8e9cbbd802c83d717dd3f') in 0.007414 seconds
Number of updated asset objects reloaded before import = 0
Number of asset objects unloaded after import = 2
========================================================================
Received Import Request.
  Time since last request: 0.000163 seconds.
  path: Assets/Assets_TVs/models/Materials/wall_mount-1.mat
  artifactKey: Guid(6f9ab3969dc252b4d9a0474b3ae61ed7) Importer(815301076,1909f56bfc062723c751e8b465ee728b)
Start importing Assets/Assets_TVs/models/Materials/wall_mount-1.mat using Guid(6f9ab3969dc252b4d9a0474b3ae61ed7) Importer(815301076,1909f56bfc062723c751e8b465ee728b) [PhysX] Initialized MultithreadedTaskDispatcher with 8 workers.
[PhysX] Initialized MultithreadedTaskDispatcher with 8 workers.
 -> (artifact id: 'd2b1d3af90e82161f11d3ea057da723b') in 0.009858 seconds
Number of updated asset objects reloaded before import = 0
Number of asset objects unloaded after import = 4
========================================================================
Received Import Request.
  Time since last request: 0.000052 seconds.
  path: Assets/JP Environmental Asset Pack/Materials/Large Rock 1/Large Rock 1.mat
  artifactKey: Guid(b6306c259b6f870469f9db775b800f81) Importer(815301076,1909f56bfc062723c751e8b465ee728b)
Start importing Assets/JP Environmental Asset Pack/Materials/Large Rock 1/Large Rock 1.mat using Guid(b6306c259b6f870469f9db775b800f81) Importer(815301076,1909f56bfc062723c751e8b465ee728b) [PhysX] Initialized MultithreadedTaskDispatcher with 8 workers.
[PhysX] Initialized MultithreadedTaskDispatcher with 8 workers.
 -> (artifact id: '8cacc4a705a764993ff88194f27e80cc') in 0.018327 seconds
Number of updated asset objects reloaded before import = 0
Number of asset objects unloaded after import = 4
========================================================================
Received Import Request.
  Time since last request: 0.000068 seconds.
  path: Assets/Medieval props/Materials/PotV1.mat
  artifactKey: Guid(d6c672496e0d17a47b73d28948701499) Importer(815301076,1909f56bfc062723c751e8b465ee728b)
Start importing Assets/Medieval props/Materials/PotV1.mat using Guid(d6c672496e0d17a47b73d28948701499) Importer(815301076,1909f56bfc062723c751e8b465ee728b) [PhysX] Initialized MultithreadedTaskDispatcher with 8 workers.
[PhysX] Initialized MultithreadedTaskDispatcher with 8 workers.
 -> (artifact id: '41c512e3cb86dab40899a719dbd49c6e') in 0.029347 seconds
Number of updated asset objects reloaded before import = 0
Number of asset objects unloaded after import = 10
========================================================================
Received Import Request.
  Time since last request: 0.000055 seconds.
  path: Assets/Assets_TVs/models/Materials/LCDTV-1.mat
  artifactKey: Guid(48249e19e516de74f90b8d9408ae8186) Importer(815301076,1909f56bfc062723c751e8b465ee728b)
Start importing Assets/Assets_TVs/models/Materials/LCDTV-1.mat using Guid(48249e19e516de74f90b8d9408ae8186) Importer(815301076,1909f56bfc062723c751e8b465ee728b) [PhysX] Initialized MultithreadedTaskDispatcher with 8 workers.
[PhysX] Initialized MultithreadedTaskDispatcher with 8 workers.
 -> (artifact id: '5b6e8021d23148ecf1e00306a73a6a5d') in 0.013516 seconds
Number of updated asset objects reloaded before import = 0
Number of asset objects unloaded after import = 4
========================================================================
Received Import Request.
  Time since last request: 0.000120 seconds.
  path: Assets/Brick Project Studio/Apartment Kit/Common/Materials/Misc/WallArt_Apt_03.mat
  artifactKey: Guid(a79b9dfdb7c8f754f8d5fd1924ac5fdf) Importer(815301076,1909f56bfc062723c751e8b465ee728b)
Start importing Assets/Brick Project Studio/Apartment Kit/Common/Materials/Misc/WallArt_Apt_03.mat using Guid(a79b9dfdb7c8f754f8d5fd1924ac5fdf) Importer(815301076,1909f56bfc062723c751e8b465ee728b) [PhysX] Initialized MultithreadedTaskDispatcher with 8 workers.
[PhysX] Initialized MultithreadedTaskDispatcher with 8 workers.
 -> (artifact id: '2f01b20c930d80acc706b97d8c3d7cf9') in 0.013034 seconds
Number of updated asset objects reloaded before import = 0
Number of asset objects unloaded after import = 2
========================================================================
Received Import Request.
  Time since last request: 0.000147 seconds.
  path: Assets/TextMesh Pro/Examples & Extras/Resources/Fonts & Materials/Oswald Bold SDF.asset
  artifactKey: Guid(0161d805a3764c089bef00bfe00793f5) Importer(815301076,1909f56bfc062723c751e8b465ee728b)
Start importing Assets/TextMesh Pro/Examples & Extras/Resources/Fonts & Materials/Oswald Bold SDF.asset using Guid(0161d805a3764c089bef00bfe00793f5) Importer(815301076,1909f56bfc062723c751e8b465ee728b) [PhysX] Initialized MultithreadedTaskDispatcher with 8 workers.
[PhysX] Initialized MultithreadedTaskDispatcher with 8 workers.
[PhysX] Initialized MultithreadedTaskDispatcher with 8 workers.
 -> (artifact id: 'a8f03458300d82b8972a4167914c2e35') in 0.010467 seconds
Number of updated asset objects reloaded before import = 0
Number of asset objects unloaded after import = 6
========================================================================
Received Import Request.
  Time since last request: 0.000116 seconds.
  path: Assets/Brick Project Studio/Apartment Kit/Common/Materials/Surface/Leather_02.mat
  artifactKey: Guid(6b037e7c427c8fc478dce6529e818f82) Importer(815301076,1909f56bfc062723c751e8b465ee728b)
Start importing Assets/Brick Project Studio/Apartment Kit/Common/Materials/Surface/Leather_02.mat using Guid(6b037e7c427c8fc478dce6529e818f82) Importer(815301076,1909f56bfc062723c751e8b465ee728b) [PhysX] Initialized MultithreadedTaskDispatcher with 8 workers.
[PhysX] Initialized MultithreadedTaskDispatcher with 8 workers.
 -> (artifact id: 'aa59240920062c68bdb32996a6d5233f') in 0.007559 seconds
Number of updated asset objects reloaded before import = 0
Number of asset objects unloaded after import = 4
========================================================================
Received Import Request.
  Time since last request: 0.000188 seconds.
  path: Assets/Medieval props/Materials/WoodV3_Tilled.mat
  artifactKey: Guid(c2dabf6327e79b248989b7f834c82e28) Importer(815301076,1909f56bfc062723c751e8b465ee728b)
Start importing Assets/Medieval props/Materials/WoodV3_Tilled.mat using Guid(c2dabf6327e79b248989b7f834c82e28) Importer(815301076,1909f56bfc062723c751e8b465ee728b) [PhysX] Initialized MultithreadedTaskDispatcher with 8 workers.
[PhysX] Initialized MultithreadedTaskDispatcher with 8 workers.
 -> (artifact id: 'c4f3e0ad5681173d90a053aafb164c75') in 0.005666 seconds
Number of updated asset objects reloaded before import = 0
Number of asset objects unloaded after import = 5
========================================================================
Received Import Request.
  Time since last request: 0.000064 seconds.
  path: Assets/Brick Project Studio/Apartment Kit/Common/Materials/Surface/Plastic_03.mat
  artifactKey: Guid(dd228672e1e19fc479efe2c3556f297f) Importer(815301076,1909f56bfc062723c751e8b465ee728b)
Start importing Assets/Brick Project Studio/Apartment Kit/Common/Materials/Surface/Plastic_03.mat using Guid(dd228672e1e19fc479efe2c3556f297f) Importer(815301076,1909f56bfc062723c751e8b465ee728b) [PhysX] Initialized MultithreadedTaskDispatcher with 8 workers.
[PhysX] Initialized MultithreadedTaskDispatcher with 8 workers.
 -> (artifact id: '5bf25416e76802f8ccc1bb796bebb635') in 0.004405 seconds
Number of updated asset objects reloaded before import = 0
Number of asset objects unloaded after import = 3
========================================================================
Received Import Request.
  Time since last request: 0.000195 seconds.
  path: Assets/Medieval props/Materials/MetalV2.mat
  artifactKey: Guid(aeec63f0fbf7078488756e0650363e4b) Importer(815301076,1909f56bfc062723c751e8b465ee728b)
Start importing Assets/Medieval props/Materials/MetalV2.mat using Guid(aeec63f0fbf7078488756e0650363e4b) Importer(815301076,1909f56bfc062723c751e8b465ee728b) [PhysX] Initialized MultithreadedTaskDispatcher with 8 workers.
[PhysX] Initialized MultithreadedTaskDispatcher with 8 workers.
 -> (artifact id: 'fab1002d84f827e463af78a9c1879968') in 0.019252 seconds
Number of updated asset objects reloaded before import = 0
Number of asset objects unloaded after import = 5
========================================================================
Received Import Request.
  Time since last request: 0.000080 seconds.
  path: Assets/Medieval props/Materials/MugV1.mat
  artifactKey: Guid(f127608619001364fa93cbc2dc1720b3) Importer(815301076,1909f56bfc062723c751e8b465ee728b)
Start importing Assets/Medieval props/Materials/MugV1.mat using Guid(f127608619001364fa93cbc2dc1720b3) Importer(815301076,1909f56bfc062723c751e8b465ee728b) [PhysX] Initialized MultithreadedTaskDispatcher with 8 workers.
[PhysX] Initialized MultithreadedTaskDispatcher with 8 workers.
 -> (artifact id: 'cc911963a460d88e47eb42b94050c62b') in 0.008916 seconds
Number of updated asset objects reloaded before import = 0
Number of asset objects unloaded after import = 6
========================================================================
Received Import Request.
  Time since last request: 0.000095 seconds.
  path: Assets/TextMesh Pro/Examples & Extras/Resources/Fonts & Materials/LiberationSans SDF - Soft Mask.mat
  artifactKey: Guid(42df1c7856584b6b8db9a509b6b10074) Importer(815301076,1909f56bfc062723c751e8b465ee728b)
Start importing Assets/TextMesh Pro/Examples & Extras/Resources/Fonts & Materials/LiberationSans SDF - Soft Mask.mat using Guid(42df1c7856584b6b8db9a509b6b10074) Importer(815301076,1909f56bfc062723c751e8b465ee728b) [PhysX] Initialized MultithreadedTaskDispatcher with 8 workers.
[PhysX] Initialized MultithreadedTaskDispatcher with 8 workers.
 -> (artifact id: '866c35c4facd1496e824e0da76d448cc') in 0.012347 seconds
Number of updated asset objects reloaded before import = 0
Number of asset objects unloaded after import = 3
========================================================================
Received Import Request.
  Time since last request: 9.750581 seconds.
  path: Assets/ALP_Assets/country house01/Models/Materials/DoorsMap01.mat
  artifactKey: Guid(dd54ed56e94ed8e4a9d9fbbdf108e645) Importer(815301076,1909f56bfc062723c751e8b465ee728b)
Start importing Assets/ALP_Assets/country house01/Models/Materials/DoorsMap01.mat using Guid(dd54ed56e94ed8e4a9d9fbbdf108e645) Importer(815301076,1909f56bfc062723c751e8b465ee728b) [PhysX] Initialized MultithreadedTaskDispatcher with 8 workers.
[PhysX] Initialized MultithreadedTaskDispatcher with 8 workers.
 -> (artifact id: '7253cceda7f2f7279fe9b12f06ad63da') in 0.055971 seconds
Number of updated asset objects reloaded before import = 0
Number of asset objects unloaded after import = 4
========================================================================
Received Import Request.
  Time since last request: 0.000041 seconds.
  path: Assets/Blink/Art/Characters/LowPoly/FREE_HumanLowPoly/Materials_Humans/Eyes.mat
  artifactKey: Guid(64b04a6e3187c8247b209aac6c56b9fe) Importer(815301076,1909f56bfc062723c751e8b465ee728b)
Start importing Assets/Blink/Art/Characters/LowPoly/FREE_HumanLowPoly/Materials_Humans/Eyes.mat using Guid(64b04a6e3187c8247b209aac6c56b9fe) Importer(815301076,1909f56bfc062723c751e8b465ee728b) [PhysX] Initialized MultithreadedTaskDispatcher with 8 workers.
[PhysX] Initialized MultithreadedTaskDispatcher with 8 workers.
 -> (artifact id: '4a30174ab62c4712bb0dcf1b781d9c68') in 0.004461 seconds
Number of updated asset objects reloaded before import = 0
Number of asset objects unloaded after import = 1
========================================================================
Received Import Request.
  Time since last request: 0.000163 seconds.
  path: Assets/Brick Project Studio/_BPS Basic Assets/Common/Materials/Basic Assets/Ext_SS_01.mat
  artifactKey: Guid(82ab0cdd78fe56340a768888a061f55c) Importer(815301076,1909f56bfc062723c751e8b465ee728b)
Start importing Assets/Brick Project Studio/_BPS Basic Assets/Common/Materials/Basic Assets/Ext_SS_01.mat using Guid(82ab0cdd78fe56340a768888a061f55c) Importer(815301076,1909f56bfc062723c751e8b465ee728b) [PhysX] Initialized MultithreadedTaskDispatcher with 8 workers.
[PhysX] Initialized MultithreadedTaskDispatcher with 8 workers.
 -> (artifact id: 'd0f926396f5fe8acd130b43229c079cd') in 0.025643 seconds
Number of updated asset objects reloaded before import = 0
Number of asset objects unloaded after import = 2
========================================================================
Received Import Request.
  Time since last request: 0.000040 seconds.
  path: Assets/Medieval props/Materials/EmbersV1_Ground.mat
  artifactKey: Guid(6c79225753374ae4b8e1e17d07ce4aaf) Importer(815301076,1909f56bfc062723c751e8b465ee728b)
Start importing Assets/Medieval props/Materials/EmbersV1_Ground.mat using Guid(6c79225753374ae4b8e1e17d07ce4aaf) Importer(815301076,1909f56bfc062723c751e8b465ee728b) [PhysX] Initialized MultithreadedTaskDispatcher with 8 workers.
[PhysX] Initialized MultithreadedTaskDispatcher with 8 workers.
 -> (artifact id: '5415a190dde5f7b94d7be1d8102db353') in 0.012685 seconds
Number of updated asset objects reloaded before import = 0
Number of asset objects unloaded after import = 5
========================================================================
Received Import Request.
  Time since last request: 0.000055 seconds.
  path: Assets/Brick Project Studio/Apartment Kit/Common/Materials/Surface/Fabric_01_White.mat
  artifactKey: Guid(7f1d2f122bc99854b95672cfb7d080fa) Importer(815301076,1909f56bfc062723c751e8b465ee728b)
Start importing Assets/Brick Project Studio/Apartment Kit/Common/Materials/Surface/Fabric_01_White.mat using Guid(7f1d2f122bc99854b95672cfb7d080fa) Importer(815301076,1909f56bfc062723c751e8b465ee728b) [PhysX] Initialized MultithreadedTaskDispatcher with 8 workers.
[PhysX] Initialized MultithreadedTaskDispatcher with 8 workers.
 -> (artifact id: 'aea3abed9b921c5749a4cd952bea4bd1') in 0.009738 seconds
Number of updated asset objects reloaded before import = 0
Number of asset objects unloaded after import = 5
========================================================================
Received Import Request.
  Time since last request: 0.375590 seconds.
  path: Assets/Brick Project Studio/Apartment Kit/Common/Textures/Misc/Materials/Colors_apt_02_A.mat
  artifactKey: Guid(69b961f5c11cfb04895b0d8de2085863) Importer(815301076,1909f56bfc062723c751e8b465ee728b)
Start importing Assets/Brick Project Studio/Apartment Kit/Common/Textures/Misc/Materials/Colors_apt_02_A.mat using Guid(69b961f5c11cfb04895b0d8de2085863) Importer(815301076,1909f56bfc062723c751e8b465ee728b) [PhysX] Initialized MultithreadedTaskDispatcher with 8 workers.
[PhysX] Initialized MultithreadedTaskDispatcher with 8 workers.
 -> (artifact id: 'ee0a1eac74c47a34e9dbb48fdcaa64d4') in 0.008279 seconds
Number of updated asset objects reloaded before import = 0
Number of asset objects unloaded after import = 2
========================================================================
Received Import Request.
  Time since last request: 0.000171 seconds.
  path: Assets/Brick Project Studio/Apartment Kit/Common/Textures/Misc/Materials/Controller Screen_01_A.mat
  artifactKey: Guid(d520ecf693b696e479cc6ca5f43644a5) Importer(815301076,1909f56bfc062723c751e8b465ee728b)
Start importing Assets/Brick Project Studio/Apartment Kit/Common/Textures/Misc/Materials/Controller Screen_01_A.mat using Guid(d520ecf693b696e479cc6ca5f43644a5) Importer(815301076,1909f56bfc062723c751e8b465ee728b) [PhysX] Initialized MultithreadedTaskDispatcher with 8 workers.
[PhysX] Initialized MultithreadedTaskDispatcher with 8 workers.
 -> (artifact id: 'ad9ee20b4c90eaf6c7437eedfbbdb486') in 0.013061 seconds
Number of updated asset objects reloaded before import = 0
Number of asset objects unloaded after import = 2
========================================================================
Received Import Request.
  Time since last request: 0.000134 seconds.
  path: Assets/Brick Project Studio/Apartment Kit/Common/Materials/Misc/ControlPanel.mat
  artifactKey: Guid(bf99784c0118e114c80ad5c8ca2a5b8d) Importer(815301076,1909f56bfc062723c751e8b465ee728b)
Start importing Assets/Brick Project Studio/Apartment Kit/Common/Materials/Misc/ControlPanel.mat using Guid(bf99784c0118e114c80ad5c8ca2a5b8d) Importer(815301076,1909f56bfc062723c751e8b465ee728b) [PhysX] Initialized MultithreadedTaskDispatcher with 8 workers.
[PhysX] Initialized MultithreadedTaskDispatcher with 8 workers.
 -> (artifact id: 'aaeaefe84528bd067b0f0595fd6eefea') in 0.009146 seconds
Number of updated asset objects reloaded before import = 0
Number of asset objects unloaded after import = 2
========================================================================
Received Import Request.
  Time since last request: 0.014920 seconds.
  path: Assets/Brick Project Studio/Apartment Kit/Common/Materials/Misc/Canvas_Nat_05.mat
  artifactKey: Guid(ee274bac83b432e489e9163a36560bab) Importer(815301076,1909f56bfc062723c751e8b465ee728b)
Start importing Assets/Brick Project Studio/Apartment Kit/Common/Materials/Misc/Canvas_Nat_05.mat using Guid(ee274bac83b432e489e9163a36560bab) Importer(815301076,1909f56bfc062723c751e8b465ee728b) [PhysX] Initialized MultithreadedTaskDispatcher with 8 workers.
[PhysX] Initialized MultithreadedTaskDispatcher with 8 workers.
 -> (artifact id: '607244ef20b2c69f0855fab22fdbdf3a') in 0.019900 seconds
Number of updated asset objects reloaded before import = 0
Number of asset objects unloaded after import = 3
========================================================================
Received Import Request.
  Time since last request: 0.000347 seconds.
  path: Assets/Brick Project Studio/Apartment Kit/Common/Materials/Surface/CastIron_01.mat
  artifactKey: Guid(27f834cdb4589be48903c1e529e09c59) Importer(815301076,1909f56bfc062723c751e8b465ee728b)
Start importing Assets/Brick Project Studio/Apartment Kit/Common/Materials/Surface/CastIron_01.mat using Guid(27f834cdb4589be48903c1e529e09c59) Importer(815301076,1909f56bfc062723c751e8b465ee728b) [PhysX] Initialized MultithreadedTaskDispatcher with 8 workers.
[PhysX] Initialized MultithreadedTaskDispatcher with 8 workers.
 -> (artifact id: 'f1066347a68f2db9e85b101fa11eaa39') in 0.008484 seconds
Number of updated asset objects reloaded before import = 0
Number of asset objects unloaded after import = 5
========================================================================
Received Import Request.
  Time since last request: 0.000091 seconds.
  path: Assets/Brick Project Studio/Apartment Kit/Common/Materials/Misc/Canvas_Nat_06-07.mat
  artifactKey: Guid(fad41da6b0b4a274ea1daeb98b3d6b9b) Importer(815301076,1909f56bfc062723c751e8b465ee728b)
Start importing Assets/Brick Project Studio/Apartment Kit/Common/Materials/Misc/Canvas_Nat_06-07.mat using Guid(fad41da6b0b4a274ea1daeb98b3d6b9b) Importer(815301076,1909f56bfc062723c751e8b465ee728b) [PhysX] Initialized MultithreadedTaskDispatcher with 8 workers.
[PhysX] Initialized MultithreadedTaskDispatcher with 8 workers.
 -> (artifact id: '46d1d798d7f7f9786007f0a1e12a3fff') in 0.015335 seconds
Number of updated asset objects reloaded before import = 0
Number of asset objects unloaded after import = 3
========================================================================
Received Import Request.
  Time since last request: 0.430008 seconds.
  path: Assets/Brick Project Studio/_BPS Basic Assets/Common/Materials/Legacy/Brushed Chrome.mat
  artifactKey: Guid(403f7691aae4323499829c9fc28c7c6e) Importer(815301076,1909f56bfc062723c751e8b465ee728b)
Start importing Assets/Brick Project Studio/_BPS Basic Assets/Common/Materials/Legacy/Brushed Chrome.mat using Guid(403f7691aae4323499829c9fc28c7c6e) Importer(815301076,1909f56bfc062723c751e8b465ee728b) [PhysX] Initialized MultithreadedTaskDispatcher with 8 workers.
[PhysX] Initialized MultithreadedTaskDispatcher with 8 workers.
 -> (artifact id: '249299fd97cccded8b61aa428576d8c4') in 0.006668 seconds
Number of updated asset objects reloaded before import = 0
Number of asset objects unloaded after import = 1
========================================================================
Received Import Request.
  Time since last request: 0.000388 seconds.
  path: Assets/Medieval props/Materials/CandleV1.mat
  artifactKey: Guid(ddd0d34ddc8e80d4486c7e9004e70ac8) Importer(815301076,1909f56bfc062723c751e8b465ee728b)
Start importing Assets/Medieval props/Materials/CandleV1.mat using Guid(ddd0d34ddc8e80d4486c7e9004e70ac8) Importer(815301076,1909f56bfc062723c751e8b465ee728b) [PhysX] Initialized MultithreadedTaskDispatcher with 8 workers.
[PhysX] Initialized MultithreadedTaskDispatcher with 8 workers.
 -> (artifact id: '572a28b9bd1df9ab257aabdc569da327') in 0.012084 seconds
Number of updated asset objects reloaded before import = 0
Number of asset objects unloaded after import = 5
========================================================================
Received Import Request.
  Time since last request: 0.000037 seconds.
  path: Assets/Brick Project Studio/Apartment Kit/Common/Materials/Surface/Brushed Metal_Antique.mat
  artifactKey: Guid(5f469581b50505747a410deecdf8f11d) Importer(815301076,1909f56bfc062723c751e8b465ee728b)
Start importing Assets/Brick Project Studio/Apartment Kit/Common/Materials/Surface/Brushed Metal_Antique.mat using Guid(5f469581b50505747a410deecdf8f11d) Importer(815301076,1909f56bfc062723c751e8b465ee728b) [PhysX] Initialized MultithreadedTaskDispatcher with 8 workers.
[PhysX] Initialized MultithreadedTaskDispatcher with 8 workers.
 -> (artifact id: '4af08c3209f7cae02d53f7ecba32a840') in 0.007257 seconds
Number of updated asset objects reloaded before import = 0
Number of asset objects unloaded after import = 3
========================================================================
Received Import Request.
  Time since last request: 0.000170 seconds.
  path: Assets/Brick Project Studio/Apartment Kit/Common/Materials/Surface/BR_Tile_01_Mod.mat
  artifactKey: Guid(99811246d7017024d85cfa934a83345b) Importer(815301076,1909f56bfc062723c751e8b465ee728b)
Start importing Assets/Brick Project Studio/Apartment Kit/Common/Materials/Surface/BR_Tile_01_Mod.mat using Guid(99811246d7017024d85cfa934a83345b) Importer(815301076,1909f56bfc062723c751e8b465ee728b) [PhysX] Initialized MultithreadedTaskDispatcher with 8 workers.
[PhysX] Initialized MultithreadedTaskDispatcher with 8 workers.
 -> (artifact id: '0d3fcfc9396edbf892c7190dbc0d6d3d') in 0.017250 seconds
Number of updated asset objects reloaded before import = 0
Number of asset objects unloaded after import = 3
========================================================================
Received Import Request.
  Time since last request: 0.000312 seconds.
  path: Assets/Brick Project Studio/Apartment Kit/Common/Materials/Surface/BathroomMat_01.mat
  artifactKey: Guid(5eb7a5a1792bf624eb105fb759006553) Importer(815301076,1909f56bfc062723c751e8b465ee728b)
Start importing Assets/Brick Project Studio/Apartment Kit/Common/Materials/Surface/BathroomMat_01.mat using Guid(5eb7a5a1792bf624eb105fb759006553) Importer(815301076,1909f56bfc062723c751e8b465ee728b) [PhysX] Initialized MultithreadedTaskDispatcher with 8 workers.
[PhysX] Initialized MultithreadedTaskDispatcher with 8 workers.
 -> (artifact id: 'd605c654a5be5525a5fbf75a7f37fa9b') in 0.007608 seconds
Number of updated asset objects reloaded before import = 0
Number of asset objects unloaded after import = 2
========================================================================
Received Import Request.
  Time since last request: 0.000040 seconds.
  path: Assets/Brick Project Studio/Apartment Kit/Common/Materials/Surface/Cabinets_01.mat
  artifactKey: Guid(5bdd1af6958bd9143a8bc920d98238b3) Importer(815301076,1909f56bfc062723c751e8b465ee728b)
Start importing Assets/Brick Project Studio/Apartment Kit/Common/Materials/Surface/Cabinets_01.mat using Guid(5bdd1af6958bd9143a8bc920d98238b3) Importer(815301076,1909f56bfc062723c751e8b465ee728b) [PhysX] Initialized MultithreadedTaskDispatcher with 8 workers.
[PhysX] Initialized MultithreadedTaskDispatcher with 8 workers.
 -> (artifact id: '302e54169e7cbbc58d246085ae13204d') in 0.010077 seconds
Number of updated asset objects reloaded before import = 0
Number of asset objects unloaded after import = 1
========================================================================
Received Import Request.
  Time since last request: 0.000092 seconds.
  path: Assets/Brick Project Studio/_BPS Basic Assets/Common/Materials/Basic Assets/BA_Porc.mat
  artifactKey: Guid(c4633b4bc8d4dbb41bc32118f1812b6e) Importer(815301076,1909f56bfc062723c751e8b465ee728b)
Start importing Assets/Brick Project Studio/_BPS Basic Assets/Common/Materials/Basic Assets/BA_Porc.mat using Guid(c4633b4bc8d4dbb41bc32118f1812b6e) Importer(815301076,1909f56bfc062723c751e8b465ee728b) [PhysX] Initialized MultithreadedTaskDispatcher with 8 workers.
[PhysX] Initialized MultithreadedTaskDispatcher with 8 workers.
 -> (artifact id: 'eb5a876aa94800eefca6b256d161fbaa') in 0.003550 seconds
Number of updated asset objects reloaded before import = 0
Number of asset objects unloaded after import = 1
========================================================================
Received Import Request.
  Time since last request: 0.000139 seconds.
  path: Assets/Brick Project Studio/_BPS Basic Assets/Common/Materials/Basic Assets/BA_Texture_Map_SE.mat
  artifactKey: Guid(5f01895f1ecb58445b3aa62be24d6bca) Importer(815301076,1909f56bfc062723c751e8b465ee728b)
Start importing Assets/Brick Project Studio/_BPS Basic Assets/Common/Materials/Basic Assets/BA_Texture_Map_SE.mat using Guid(5f01895f1ecb58445b3aa62be24d6bca) Importer(815301076,1909f56bfc062723c751e8b465ee728b) [PhysX] Initialized MultithreadedTaskDispatcher with 8 workers.
[PhysX] Initialized MultithreadedTaskDispatcher with 8 workers.
 -> (artifact id: '954ab4a42827bbb2ce19924e1f6397b0') in 0.014707 seconds
Number of updated asset objects reloaded before import = 0
Number of asset objects unloaded after import = 2
========================================================================
Received Import Request.
  Time since last request: 0.000131 seconds.
  path: Assets/ALP_Assets/country house01/Materials/BakeMat.mat
  artifactKey: Guid(33279a08e1059534c9b5e0e9ab23ea97) Importer(815301076,1909f56bfc062723c751e8b465ee728b)
Start importing Assets/ALP_Assets/country house01/Materials/BakeMat.mat using Guid(33279a08e1059534c9b5e0e9ab23ea97) Importer(815301076,1909f56bfc062723c751e8b465ee728b) [PhysX] Initialized MultithreadedTaskDispatcher with 8 workers.
[PhysX] Initialized MultithreadedTaskDispatcher with 8 workers.
 -> (artifact id: '49bb1040080d3d81322ce22b9b743d61') in 0.008302 seconds
Number of updated asset objects reloaded before import = 0
Number of asset objects unloaded after import = 1
========================================================================
Received Import Request.
  Time since last request: 0.000204 seconds.
  path: Assets/Brick Project Studio/Apartment Kit/Common/Materials/Surface/Cabinets_02.mat
  artifactKey: Guid(8065c96d5d4286e4987cd02652878015) Importer(815301076,1909f56bfc062723c751e8b465ee728b)
Start importing Assets/Brick Project Studio/Apartment Kit/Common/Materials/Surface/Cabinets_02.mat using Guid(8065c96d5d4286e4987cd02652878015) Importer(815301076,1909f56bfc062723c751e8b465ee728b) [PhysX] Initialized MultithreadedTaskDispatcher with 8 workers.
[PhysX] Initialized MultithreadedTaskDispatcher with 8 workers.
 -> (artifact id: '8a6282f8c4158ced961e34f452619101') in 0.004644 seconds
Number of updated asset objects reloaded before import = 0
Number of asset objects unloaded after import = 4
========================================================================
Received Import Request.
  Time since last request: 0.000172 seconds.
  path: Assets/Medieval props/Materials/Barrel.mat
  artifactKey: Guid(39943818f1c85914f80c18285426232d) Importer(815301076,1909f56bfc062723c751e8b465ee728b)
Start importing Assets/Medieval props/Materials/Barrel.mat using Guid(39943818f1c85914f80c18285426232d) Importer(815301076,1909f56bfc062723c751e8b465ee728b) [PhysX] Initialized MultithreadedTaskDispatcher with 8 workers.
[PhysX] Initialized MultithreadedTaskDispatcher with 8 workers.
 -> (artifact id: '956597df6701132951267c2060723f2a') in 0.025453 seconds
Number of updated asset objects reloaded before import = 0
Number of asset objects unloaded after import = 5
========================================================================
Received Import Request.
  Time since last request: 0.365176 seconds.
  path: Assets/Brick Project Studio/_BPS Basic Assets/Common/Materials/Basic Assets/BA_Glass_03.mat
  artifactKey: Guid(266fb6016862b8b4ba1eec482c572c21) Importer(815301076,1909f56bfc062723c751e8b465ee728b)
Start importing Assets/Brick Project Studio/_BPS Basic Assets/Common/Materials/Basic Assets/BA_Glass_03.mat using Guid(266fb6016862b8b4ba1eec482c572c21) Importer(815301076,1909f56bfc062723c751e8b465ee728b) [PhysX] Initialized MultithreadedTaskDispatcher with 8 workers.
[PhysX] Initialized MultithreadedTaskDispatcher with 8 workers.
 -> (artifact id: '7992fd2e13a3e82c2888f54dd9d2c495') in 0.010123 seconds
Number of updated asset objects reloaded before import = 0
Number of asset objects unloaded after import = 1
========================================================================
Received Import Request.
  Time since last request: 0.000277 seconds.
  path: Assets/Brick Project Studio/_BPS Basic Assets/Common/Materials/Basic Assets/BA_Glow_White_01.mat
  artifactKey: Guid(823f8d5383d173a4fb4153a73427684f) Importer(815301076,1909f56bfc062723c751e8b465ee728b)
Start importing Assets/Brick Project Studio/_BPS Basic Assets/Common/Materials/Basic Assets/BA_Glow_White_01.mat using Guid(823f8d5383d173a4fb4153a73427684f) Importer(815301076,1909f56bfc062723c751e8b465ee728b) [PhysX] Initialized MultithreadedTaskDispatcher with 8 workers.
[PhysX] Initialized MultithreadedTaskDispatcher with 8 workers.
 -> (artifact id: '5e1502bac1ba9d83cd2a20846191d7fc') in 0.003137 seconds
Number of updated asset objects reloaded before import = 0
Number of asset objects unloaded after import = 1
========================================================================
Received Import Request.
  Time since last request: 0.000092 seconds.
  path: Assets/Brick Project Studio/_BPS Basic Assets/Common/Materials/Basic Assets/BA_Leather_01.mat
  artifactKey: Guid(0656c89128e147645951f2c0649b10f9) Importer(815301076,1909f56bfc062723c751e8b465ee728b)
Start importing Assets/Brick Project Studio/_BPS Basic Assets/Common/Materials/Basic Assets/BA_Leather_01.mat using Guid(0656c89128e147645951f2c0649b10f9) Importer(815301076,1909f56bfc062723c751e8b465ee728b) [PhysX] Initialized MultithreadedTaskDispatcher with 8 workers.
[PhysX] Initialized MultithreadedTaskDispatcher with 8 workers.
 -> (artifact id: '60f52a73db1bc32dbdea025fb0552696') in 0.011937 seconds
Number of updated asset objects reloaded before import = 0
Number of asset objects unloaded after import = 3
========================================================================
Received Import Request.
  Time since last request: 0.000157 seconds.
  path: Assets/Brick Project Studio/_BPS Basic Assets/Common/Materials/Basic Assets/BA_Glass_04.mat
  artifactKey: Guid(65d72af2f614466478d9d8d8d7593b95) Importer(815301076,1909f56bfc062723c751e8b465ee728b)
Start importing Assets/Brick Project Studio/_BPS Basic Assets/Common/Materials/Basic Assets/BA_Glass_04.mat using Guid(65d72af2f614466478d9d8d8d7593b95) Importer(815301076,1909f56bfc062723c751e8b465ee728b) [PhysX] Initialized MultithreadedTaskDispatcher with 8 workers.
[PhysX] Initialized MultithreadedTaskDispatcher with 8 workers.
 -> (artifact id: '2b8dd56ee5dd1ec08f13a3eb6ea0bc38') in 0.007981 seconds
Number of updated asset objects reloaded before import = 0
Number of asset objects unloaded after import = 1
========================================================================
Received Import Request.
  Time since last request: 0.016667 seconds.
  path: Assets/TextMesh Pro/Examples & Extras/Resources/Fonts & Materials/Anton SDF.asset
  artifactKey: Guid(8a89fa14b10d46a99122fd4f73fca9a2) Importer(815301076,1909f56bfc062723c751e8b465ee728b)
Start importing Assets/TextMesh Pro/Examples & Extras/Resources/Fonts & Materials/Anton SDF.asset using Guid(8a89fa14b10d46a99122fd4f73fca9a2) Importer(815301076,1909f56bfc062723c751e8b465ee728b) [PhysX] Initialized MultithreadedTaskDispatcher with 8 workers.
[PhysX] Initialized MultithreadedTaskDispatcher with 8 workers.
[PhysX] Initialized MultithreadedTaskDispatcher with 8 workers.
 -> (artifact id: '2b01e3eecdef26316dd9d6f5da7aefae') in 0.007421 seconds
Number of updated asset objects reloaded before import = 0
Number of asset objects unloaded after import = 6
========================================================================
Received Import Request.
  Time since last request: 0.000056 seconds.
  path: Assets/Multistory Dungeons 2/Textures/Materials/Atlas_Furniture_01.mat
  artifactKey: Guid(02caa25779c6467b9bb2ca8729f8cc78) Importer(815301076,1909f56bfc062723c751e8b465ee728b)
Start importing Assets/Multistory Dungeons 2/Textures/Materials/Atlas_Furniture_01.mat using Guid(02caa25779c6467b9bb2ca8729f8cc78) Importer(815301076,1909f56bfc062723c751e8b465ee728b) [PhysX] Initialized MultithreadedTaskDispatcher with 8 workers.
[PhysX] Initialized MultithreadedTaskDispatcher with 8 workers.
 -> (artifact id: 'a2c57932a794938bd93832b7e33b7ea0') in 0.049215 seconds
Number of updated asset objects reloaded before import = 0
Number of asset objects unloaded after import = 4
========================================================================
Received Import Request.
  Time since last request: 0.404668 seconds.
  path: Assets/nappin/House Props Softpack/Materials/(Mat)GradientRed.mat
  artifactKey: Guid(fac6997ebfb39364db1173ae4a1c49e6) Importer(815301076,1909f56bfc062723c751e8b465ee728b)
Start importing Assets/nappin/House Props Softpack/Materials/(Mat)GradientRed.mat using Guid(fac6997ebfb39364db1173ae4a1c49e6) Importer(815301076,1909f56bfc062723c751e8b465ee728b) [PhysX] Initialized MultithreadedTaskDispatcher with 8 workers.
[PhysX] Initialized MultithreadedTaskDispatcher with 8 workers.
 -> (artifact id: '11cfc8f6b211a6f18962bdb0fc35a4aa') in 0.012159 seconds
Number of updated asset objects reloaded before import = 0
Number of asset objects unloaded after import = 2
========================================================================
Received Import Request.
  Time since last request: 0.000232 seconds.
  path: Assets/Brick Project Studio/_BPS Basic Assets/Common/Materials/Legacy/Antique.mat
  artifactKey: Guid(4a3c4e9ae9b122e449659fdb803fb1dc) Importer(815301076,1909f56bfc062723c751e8b465ee728b)
Start importing Assets/Brick Project Studio/_BPS Basic Assets/Common/Materials/Legacy/Antique.mat using Guid(4a3c4e9ae9b122e449659fdb803fb1dc) Importer(815301076,1909f56bfc062723c751e8b465ee728b) [PhysX] Initialized MultithreadedTaskDispatcher with 8 workers.
[PhysX] Initialized MultithreadedTaskDispatcher with 8 workers.
 -> (artifact id: '2c2fbf36b64a867f900cd6e44bc3c6f0') in 0.005627 seconds
Number of updated asset objects reloaded before import = 0
Number of asset objects unloaded after import = 1
========================================================================
Received Import Request.
  Time since last request: 0.000162 seconds.
  path: Assets/nappin/House Props Softpack/Materials/(Mat)GradientYellow.mat
  artifactKey: Guid(e03c61940200c9b428ea54b9134ba0a7) Importer(815301076,1909f56bfc062723c751e8b465ee728b)
Start importing Assets/nappin/House Props Softpack/Materials/(Mat)GradientYellow.mat using Guid(e03c61940200c9b428ea54b9134ba0a7) Importer(815301076,1909f56bfc062723c751e8b465ee728b) [PhysX] Initialized MultithreadedTaskDispatcher with 8 workers.
[PhysX] Initialized MultithreadedTaskDispatcher with 8 workers.
 -> (artifact id: '9a316d6fe4c507b140cae214f19805c4') in 0.009735 seconds
Number of updated asset objects reloaded before import = 0
Number of asset objects unloaded after import = 2
========================================================================
Received Import Request.
  Time since last request: 0.011735 seconds.
  path: Assets/nappin/House Props Softpack/Materials/(Mat)GradientBeige.mat
  artifactKey: Guid(eb0f168ce60c9424896bd8c33ac3f2c9) Importer(815301076,1909f56bfc062723c751e8b465ee728b)
Start importing Assets/nappin/House Props Softpack/Materials/(Mat)GradientBeige.mat using Guid(eb0f168ce60c9424896bd8c33ac3f2c9) Importer(815301076,1909f56bfc062723c751e8b465ee728b) [PhysX] Initialized MultithreadedTaskDispatcher with 8 workers.
[PhysX] Initialized MultithreadedTaskDispatcher with 8 workers.
 -> (artifact id: '7074138d90e2bb31531143867dbf1346') in 0.007547 seconds
Number of updated asset objects reloaded before import = 0
Number of asset objects unloaded after import = 2
========================================================================
Received Import Request.
  Time since last request: 0.000418 seconds.
  path: Assets/nappin/House Props Softpack/Materials/(Mat)GradientDarkGrey.mat
  artifactKey: Guid(eecaa3198cbebd74e8cd79d0f71765cc) Importer(815301076,1909f56bfc062723c751e8b465ee728b)
Start importing Assets/nappin/House Props Softpack/Materials/(Mat)GradientDarkGrey.mat using Guid(eecaa3198cbebd74e8cd79d0f71765cc) Importer(815301076,1909f56bfc062723c751e8b465ee728b) [PhysX] Initialized MultithreadedTaskDispatcher with 8 workers.
[PhysX] Initialized MultithreadedTaskDispatcher with 8 workers.
 -> (artifact id: '0b948b32b3db6de82b785331a45c1a44') in 0.005941 seconds
Number of updated asset objects reloaded before import = 0
Number of asset objects unloaded after import = 2
Editor requested this worker to shutdown with reason: Scaling down because of idle timeout
TcpMessagingSession - receive error: operation aborted. errorcode: 89, details: Operation aborted.
AssetImportWorker is now disconnected from the server
Process exiting
