{"cameraMode":{"drawMode":0,"name":"Shaded","section":"Shading Mode"},"sceneLighting":false,"audioPlay":false,"sceneViewState":{"m_AlwaysRefresh":false,"showFog":true,"showSkybox":false,"showFlares":true,"showImageEffects":true,"showParticleSystems":true,"showVisualEffectGraphs":true,"m_FxEnabled":true},"in2DMode":false,"pivot":{"x":-0.8275960683822632,"y":1.2423404455184937,"z":-0.10097415745258331},"rotation":{"x":-0.02196143940091133,"y":0.971783459186554,"z":-0.1073668822646141,"w":-0.20888355374336244},"size":1.8185358047485352,"orthographic":false}